10844,15188,16153,15979,15758,16111,15526,15013,14612,14040,17910,16793,15345,16382,16380,15705,16809,16614,17011,16354,17205,16292,16000,18028,16637,17770,16534,14379,16478,16454,14428
8127,15483,15548,16314,14653,16049,15672,15376,14814,15063,16565,16685,15222,15798,15414,15880,16199,16155,16373,16002,17634,16317,15641,17733,16135,17843,16220,14113,16071,17460,14402
6210,15338,16500,16002,15786,16084,16419,14922,15398,15073,18380,15824,15213,15584,16720,15693,16758,15502,17097,15560,18189,16104,16373,17678,16513,17279,16650,13982,17036,17295,14747
4656,16242,16726,16845,15554,16640,16083,16122,15511,15834,18294,17040,16167,16544,17137,16643,17679,16293,17364,16855,19319,16967,16830,18275,17025,18264,17395,14514,17167,17872,13915
3820,16579,16838,17009,16332,16634,16352,16229,15828,16567,19585,17360,16210,17377,18046,16929,18148,16885,18333,17292,18757,17035,17470,18070,18231,18359,17895,15268,18607,17517,11432
2873,16885,16550,17302,15602,17210,16535,16481,15396,16955,19323,18501,16393,18345,18110,17698,18644,17759,18428,17780,17239,17976,18131,19038,17722,18664,17701,16675,19387,18228,9659
2369,16824,16621,16649,14931,16546,16248,16424,15109,17408,18113,18143,14797,18004,17087,17429,17183,18533,16974,18467,14885,18230,16870,18998,16477,18428,17989,17423,16274,17900,7681
2064,16238,15657,16857,13817,16798,14959,15719,14787,16857,16472,16972,13755,16863,15794,17248,16196,17617,16139,17048,13577,16521,15192,16932,14298,15976,16737,16521,15210,18245,6257
2221,15702,15334,15733,13611,15124,14201,15087,14532,16002,16007,16098,13960,15714,15965,16219,15534,16279,15205,15386,13513,14887,14453,15201,13229,13994,15371,15352,14695,17379,5520
2158,15132,17584,15537,14678,14870,16142,14465,16387,15826,18299,15878,16248,14743,18732,15918,18451,15551,17392,15329,15864,13707,17382,14426,15523,12958,17519,14644,16686,16921,5159
2515,17500,20903,17362,16669,16956,18163,16588,18242,16961,20385,18183,18272,17579,21107,17780,20950,18199,20141,17444,18502,16596,19815,16942,17795,15433,18500,17059,19234,17309,5283
4364,19167,21968,19639,18171,18613,20715,17923,19715,17779,22906,20482,20440,21604,23450,19414,23192,20618,22581,19765,20313,18683,21750,19768,20424,17793,20064,19269,21350,18431,5821
6526,21398,26945,22891,20033,21126,21256,20054,20288,17578,24153,23314,21524,23120,24200,21594,24655,22703,23098,22418,20674,20289,22217,21911,21017,19903,20153,21361,22150,19142,5586
11039,22382,24416,22920,20467,22510,21528,21402,20761,17777,24545,24477,21828,22717,24518,24915,24094,23897,23154,22794,21079,21377,21813,22917,21475,20358,20364,21906,21582,19449,4729
13857,22270,22401,22941,20263,22568,20720,21523,19466,17764,23635,24387,22825,22757,23704,24556,23285,24329,22688,23094,21433,21962,21536,23371,22549,20800,18808,21994,20321,18494,4402
15865,20575,23549,21849,18901,21668,20604,20447,19670,17130,23773,24193,22647,22311,22112,22341,22083,23182,22047,22197,20590,21126,22541,23343,21924,19898,17718,20678,20071,17217,3877
17920,18824,21498,20483,18249,21659,19786,20431,18802,16641,23212,24388,22210,21642,20986,22343,21485,21778,21283,21796,19515,20531,21329,22358,21131,18981,16678,19248,18532,16075,3384
20346,17909,23114,18868,18421,21278,19471,19708,18709,16884,21918,22725,22426,20568,21032,21619,21579,21251,21070,20849,20194,19217,20165,22302,21393,19600,17523,17546,18801,15157,3203
19539,19707,23341,20235,17932,21346,19116,19821,17186,15068,21096,21907,20839,19969,19963,21315,21118,21189,19910,21169,19251,19353,19498,22712,21577,19672,17397,17201,17972,14245,2611
20107,19066,22141,20658,17568,20247,18358,19291,16500,15557,21563,21789,20239,19484,18986,19821,20204,20884,20541,20613,18436,19109,19355,22329,21019,20359,16308,15830,17298,14069,1783
18984,17755,19110,20751,16656,19945,16440,18093,15616,13766,17989,20289,18144,17993,17125,17669,16909,19670,18105,20734,16099,18814,16691,21979,18908,19147,15954,14238,14655,13506,866
17720,16583,16682,18642,15574,17601,14821,16177,13902,13377,15442,16585,15459,17446,15528,15504,13785,18163,14554,17540,14985,17036,14387,19387,17370,17490,14488,13120,12376,12936,297
17249,14955,12631,16106,13310,15750,12022,14282,11077,11025,12815,14423,13766,13722,11610,14525,11695,15613,12695,15189,11612,14147,12101,17494,13782,14392,12738,11660,10191,10400,189
18463,11849,10089,13303,10468,12897,9701,11852,9618,9707,10436,12432,11187,11549,9469,10738,9214,13371,10667,12879,9828,11595,9805,13745,11608,12366,11042,9741,11139,8189,109
18908,9292,8553,10611,7932,10385,7757,9601,7193,8043,8092,9359,8959,9459,6605,8908,6931,10910,8479,10511,7529,10091,7121,11339,8753,10077,8774,7969,7323,6941,80
18886,8110,6416,8009,6080,8125,6003,7532,5665,5630,6061,7247,7101,6800,5283,6593,5413,7638,6005,7509,6162,7575,5019,8699,6959,8426,7267,6005,5142,5164,40
18178,7352,4694,6210,4735,6294,4648,5866,4149,4347,5058,5659,4710,5323,4152,5560,4130,5589,3899,6277,4296,5977,3822,6796,5332,7343,5704,4592,3987,3940,39
19459,5049,3933,4830,3834,4485,3805,4515,3502,3606,4073,4155,3571,3976,3319,4014,3276,4215,3111,4622,3090,4705,3268,5236,4417,5818,4749,3487,3197,3073,26
19546,3451,2833,3753,2746,3669,3093,3787,2634,2588,3310,3369,2765,3279,2432,3046,2475,3386,2526,3785,2366,3796,2261,3800,3812,4395,3932,2856,2336,2690,32
20591,2465,2089,2962,2244,3097,2487,2947,2100,1969,2623,2617,2101,2617,1968,2349,2080,2753,2112,2970,2094,2894,1853,3042,2785,3238,3336,2238,1800,2006,8
19380,2125,1896,2379,1940,2484,2164,2237,1985,1876,2364,2214,1867,2010,1769,1876,1917,2181,1885,2332,1831,2471,1722,2532,2230,2837,3023,1689,1742,1584,11
18544,1877,2055,2114,2066,2011,2288,2022,2053,1431,2333,1871,2126,1853,2018,1691,2123,2034,1921,2166,1987,2115,2077,2258,2383,2628,3059,1602,1901,1495,9
16228,2069,2031,2232,2046,2175,2083,2313,1841,1752,2287,2101,2082,2150,1933,1941,1984,2094,2267,2179,1936,2474,1988,2212,2206,2815,2399,1774,1681,1692,20
15013,2080,2449,2090,2295,2108,2452,1932,1909,2044,2444,2016,2393,2019,2240,1850,2458,1896,2413,2040,2346,2285,2296,2135,2455,2524,2091,1721,2036,1663,21
17203,2375,4360,2532,4533,2252,4282,2200,3547,2447,4427,2334,4443,2414,4305,2318,4338,2632,4413,2278,4328,2538,4537,2592,4355,2749,3019,2118,4284,2275,37
19525,4303,7036,4492,6655,4131,6142,4019,5829,4617,6661,4141,7297,4193,6719,4337,6470,4581,7168,3860,6935,4380,6661,4617,6534,4221,4208,4101,6390,4423,69
22966,6537,11730,6830,11415,6599,10744,5928,9599,6988,12136,6465,12466,6473,11392,6669,11775,6612,12160,5517,12642,6537,11901,8006,11684,5790,6505,6266,11432,6390,107
27598,11331,14387,11269,13863,11040,13034,9987,11323,11616,15910,11772,15547,11500,14960,11585,15088,11609,14845,9569,16037,11238,15501,13619,14785,9106,7026,11168,14929,11694,216
26827,13565,17505,13635,15517,13290,15724,12094,13923,14774,20003,16219,18160,14892,18975,15170,19429,15127,18403,12272,20032,14764,19573,16700,18872,10805,8953,13976,19814,14427,332
24904,16455,19091,16356,17106,16754,18102,14716,16029,17823,19956,21253,18295,19148,19602,19136,20482,19097,18445,16460,20709,18187,20896,19651,19244,13627,10186,18081,21295,18672,570
22875,18310,21057,18449,18521,18504,19748,16670,18308,18623,19897,22609,17794,19942,19572,20085,19886,19516,19018,16976,20897,18885,21051,20630,20521,14896,13046,19819,21258,19568,1049
20394,20288,20050,20054,18016,19897,18510,18950,17153,18814,18719,21527,16541,19874,18772,19758,19170,19422,18105,17823,20127,19188,19670,21217,19197,16914,13519,20102,20209,20068,1589
23401,19564,18637,19462,17448,19208,17502,17964,16723,19221,18485,20975,16239,18453,17757,18842,18277,18088,17459,17655,19075,18398,18654,19857,18299,16813,14319,18237,19420,18961,2285
24439,19380,17555,19016,16131,18253,15832,17783,15360,18627,17235,19673,15239,18316,16706,18530,17064,17669,16381,16946,17883,18057,17108,18753,17178,17257,14433,16472,18088,17965,2945
23318,16507,17595,17349,16534,16976,15940,15966,16066,16650,17705,18065,15153,16768,16601,16617,16386,16744,16623,15846,17581,16899,17553,17813,16812,16746,15570,14510,17942,15858,3544
21733,16939,16312,17684,15744,16888,15064,15946,14643,17378,17089,18948,14168,16430,15673,17458,16633,17075,16144,15835,16559,17137,16232,17833,16250,16668,15690,14365,17251,15942,3876
20104,16113,18232,17412,17039,16080,16927,15205,15960,16414,18334,18111,14872,16035,16929,16359,17681,16035,17318,15442,17870,16203,17534,17164,17275,16334,17265,13611,18843,14858,4535
16111,17537,18446,17854,17357,17328,16871,16175,16351,17230,18564,17622,15293,17493,17435,17483,18233,17421,17658,16069,18097,17742,17697,18181,17818,17869,17830,14729,18906,16031,4923
13370,18120,18204,18649,16841,17901,17325,16790,16173,17557,18599,17320,14971,17298,16953,17600,17996,17756,17108,15966,17714,17843,19165,17482,17228,18559,18552,15072,18117,15767,5157
9945,18038,17607,19970,16797,18121,16350,17284,15659,18262,17715,16939,14359,16790,16417,17552,16695,17057,16178,15584,17104,17866,18916,15676,16423,18627,19340,14628,17533,15718,5273
7571,17870,18945,19168,17226,17478,17244,16153,17346,17698,18692,16404,14486,15966,17022,17058,16912,16101,17973,15384,17999,17548,19543,16018,17067,18394,19070,14069,18593,14752,5584
5917,18427,22208,19270,17550,18616,18778,17673,17145,18863,19276,17247,14471,17428,17540,17658,18124,17443,18152,15909,19071,18306,18570,17066,17759,19529,18866,14987,18967,16556,5773
4820,18971,21574,19463,17336,18576,19036,18157,16896,18234,20557,17782,14920,18268,18417,18319,18411,17890,18445,16140,19197,18577,19043,17654,18175,18765,18709,15176,20374,16333,6569
3634,19071,17299,18999,17343,18465,18549,17858,16746,18514,19505,18554,14411,18462,18698,18818,19013,18651,18556,16337,19000,18506,18343,17696,17997,19273,18906,16884,20245,17782,7007
2993,18646,15515,17998,16601,17373,16263,17087,15797,18364,16820,18680,13573,18361,16193,18735,17590,18762,16865,16381,17013,18691,16666,16781,16045,18364,18178,17055,18663,17590,7400
2535,18229,13246,17209,15090,16457,13781,16385,14202,17952,14005,16755,11876,16495,14544,17254,15673,17135,14505,15196,14962,15729,14050,14189,14086,16426,16420,16238,16688,16525,7962
2570,15977,12328,15581,14130,14626,13197,15063,14083,15781,13683,14825,11040,14614,13864,15022,14923,15175,13471,13003,13727,13396,12845,12461,12498,13940,15066,14566,14860,15174,8760
2485,15026,15342,14846,16356,13466,14909,13909,16074,14487,16918,13975,13441,14124,17041,14365,17981,13958,15853,12213,16826,11923,16111,12252,15616,12171,17023,14604,16990,14241,9776
2868,17398,18730,17832,19357,16213,18695,16462,18329,16062,20051,17093,16163,17230,20434,16300,21208,16881,18369,15103,20320,14463,19112,15431,17897,14585,19201,16314,20233,16378,10863
4482,20865,23412,21545,22313,18715,21494,18855,20961,18952,22624,19977,19059,20123,23029,19687,23458,19615,20968,18301,23167,17026,21205,18137,20215,16878,20950,18758,23012,19480,12687
6788,23875,26340,24769,23636,21356,23426,21606,22545,21395,23987,22922,19621,22947,23711,22620,24028,22196,22239,20626,23782,19078,22337,20649,21911,19444,22321,21579,24353,22419,12541
11078,25290,27167,25573,24822,22899,25057,22910,22067,23040,24069,24364,21616,23715,24817,23309,24934,22906,22626,22533,24068,20439,23340,21989,22798,20377,22549,22500,24698,23262,11967
13729,25510,26279,26243,24550,23782,26062,23691,21416,22890,24933,24630,23427,24428,24933,23636,25135,23482,22924,22905,24831,20776,23082,22350,24359,20065,21405,21920,24188,22395,10813
16700,24535,23392,25057,22761,22778,20944,22752,21484,22306,24928,25234,23735,24482,24002,23752,24613,23088,22853,22181,25564,20941,23718,22177,23687,19194,20209,20788,24033,21663,10419
19156,21922,21571,23381,23119,22401,20583,22414,20731,21704,24390,24839,23354,24208,23651,23095,24617,23728,22393,21899,25300,20209,22936,22991,23843,18589,19574,20461,23737,21386,10132
19953,20113,23477,22148,23658,22986,22343,21896,20969,20543,24199,24161,23391,23513,23764,23108,25841,23210,23088,21789,25503,19987,23466,22128,23849,17560,20294,19640,23774,20673,10566
19502,22079,22612,24590,23853,23340,22704,21887,20820,19896,24277,24550,23228,24049,23224,23221,24141,23685,22431,22253,24598,19952,23387,23207,24686,17394,20054,19580,23522,21258,11073
18994,23111,21389,24168,22995,24046,20090,21845,19650,19857,23154,23734,21882,23634,22020,23581,23069,23843,22239,22515,24120,19234,22893,23091,23566,18424,19779,19424,21828,21186,10559
17311,25209,19575,23364,21708,22726,21338,21436,18240,17841,21090,22366,21221,22175,22214,22249,21243,22597,19918,21410,22641,18455,20923,22616,22591,16611,18396,17170,18996,20053,9121
17904,21978,18165,23272,20231,20819,18853,19787,17133,16192,18854,20411,18922,20697,21446,19533,18077,20923,17675,19812,19722,18097,18684,21118,20184,15547,17966,14955,15659,16936,8700
17133,18320,14923,19939,17264,19149,14548,18369,14907,14116,16194,17774,15473,17890,15974,17226,15745,19229,14953,17135,15507,17461,14962,19301,17824,14391,15892,12934,12989,14319,6884
18589,14881,11815,17316,13549,16406,12933,15132,11703,12865,13226,14027,12457,15516,12484,13935,12115,15963,12025,13567,12079,16002,12558,16789,14522,12687,14294,11087,10584,11226,5502
19134,12053,9024,13369,10142,13399,11301,12168,8521,10465,9866,11590,9497,12751,9130,11429,9035,12292,8767,10829,8561,13400,8876,14252,10981,11488,12150,8357,7941,8987,4001
19259,9409,7363,10390,7783,10273,8095,9288,6962,8215,8085,8440,7073,8767,6693,8486,7015,9190,6670,7850,6632,10978,6626,10138,8494,9158,10423,6788,6221,6616,3039
18667,7740,5812,7994,6011,7723,6266,7465,5451,6481,6177,6881,5496,7005,5333,6484,5113,6864,5197,6572,4846,8613,4926,7847,6739,7484,8229,5378,4792,5410,2431
19078,5528,4559,5889,4935,5860,4752,5656,4439,4265,5324,4920,4477,5257,3820,5093,4220,5693,4289,4748,3996,6446,4046,5782,5562,6303,7068,3889,3814,4152,2005
18546,4667,3673,4711,3668,4664,3446,4693,3436,3434,4177,4097,3527,4189,3065,4018,3331,4499,3186,3777,3339,5205,3168,4951,4095,5454,5572,3068,3053,3405,1661
18593,3242,2830,3757,3092,3875,2793,3694,2741,2726,3464,3159,2971,3236,2511,3218,2870,3304,2747,3255,2594,4118,2692,3696,3228,4400,4669,2406,2725,2682,1300
17967,2678,2374,3066,2577,3057,2333,3027,2311,2358,2855,2653,2660,2817,2299,2536,2516,2560,2257,2415,2315,3510,2237,2833,2801,3409,3922,2025,2356,2180,1279
16624,2370,2556,2647,2772,2675,2468,2587,2532,2019,2850,2347,2497,2527,2318,2219,2656,2485,2397,2279,2462,3249,2384,2375,2905,3301,4120,1739,2327,1905,1407
14634,2475,2456,2645,2637,2803,2059,2733,2066,2137,2361,2387,2250,2406,2125,2171,2336,2560,2205,2353,2077,3698,2109,2533,2604,3479,2786,1897,2058,2089,1353
13888,2304,2486,2411,2605,2364,2411,2216,2111,1903,2675,2194,2594,1961,2484,2268,2494,2248,2625,2142,2448,3584,2403,2423,2634,2809,2265,1820,2267,1981,1887
17430,2491,4451,2600,4449,2602,4204,2289,3623,2252,4589,2479,4316,2478,4358,2437,5081,2389,4404,2540,4656,3622,4250,2512,4453,2713,2825,2039,4547,2213,3714
21919,4117,6723,4483,6912,4488,6516,3937,5719,4206,6868,4554,7112,4483,6790,4569,8091,4313,7007,4177,7055,4987,6529,4337,6610,3654,3705,3857,6582,4205,6019
23633,6435,12501,6956,11909,6944,11706,5718,9376,6545,12256,6775,12119,7002,11660,6862,13037,6649,12065,6843,12903,7213,12185,6721,11882,4943,5745,6280,12004,6482,11208
24512,11067,14763,11788,14184,11761,14894,10053,11971,11780,16024,12311,15652,11917,15780,11924,16579,11289,15803,11818,16639,10827,16016,11812,15378,6952,6334,11280,15442,11513,14063
24887,13384,18127,14098,17246,14631,17894,12154,14673,14707,20193,15989,18565,15929,19516,15860,19657,15103,19844,15665,20585,14141,19504,16054,18958,7357,8324,14586,20021,15263,17572
26872,17194,20393,17141,18393,17455,18081,15289,16545,18624,20747,20058,18437,20327,20307,19821,20914,19437,19937,19785,21833,16965,20925,19337,20241,9019,9449,18374,20953,19134,18746
22009,18510,20753,19124,19797,19107,19597,17424,18678,19178,20007,20361,17831,20974,19954,20508,20612,19443,20299,19813,21453,19391,20891,21348,20321,9982,11877,20307,21276,20366,18397
18259,20464,20124,20604,19101,19737,19047,19403,17655,20265,18782,20172,17103,20999,18254,20540,20015,19707,19584,19623,20023,19557,20047,21167,19626,12036,11917,21113,20444,21165,17430
20844,19777,19253,20114,18889,18707,19060,18488,17485,19277,18657,18974,16446,19639,18010,19590,19001,18912,19313,18444,18790,19067,19138,20051,18615,13416,12621,19287,19071,19723,15997
22576,18928,17981,19641,16897,18466,17041,17881,15834,19042,17331,17732,15593,19221,17206,18480,17533,18203,16887,17937,18382,18807,18431,18809,17801,16386,13294,17966,17173,18557,13900
22401,17243,17720,18423,16922,16630,16354,16397,15703,18108,17989,17336,15353,17308,17213,17330,17877,16492,17118,16552,17956,18232,16960,17812,17622,18242,13850,15690,17446,17106,14138
19056,17490,16525,18480,16218,17291,15259,16319,15816,18275,17529,17321,15105,17140,16691,18508,16470,16837,16847,17394,17477,18999,16426,17889,17122,17436,15128,16091,16319,17373,13361
17518,16558,18153,18318,17511,15977,16470,15923,16870,17300,18953,16872,16058,16773,18259,17354,18266,16075,18356,16960,18590,18896,18092,17482,18747,19281,16996,14981,18120,15714,14156
15307,17830,18558,19378,17941,17643,17146,17200,17123,18631,18567,18295,16475,19397,18151,18552,17992,17160,18124,18105,18409,19764,19190,18775,18708,18939,16815,16906,18258,16754,14075
12646,18203,17652,19585,17203,17959,17220,17140,16841,18582,17872,18273,16226,18697,17555,18241,17419,17606,17783,17724,18020,20227,18957,18351,18308,18558,17275,16648,17222,17156,13887
10562,18126,17292,19614,16879,17652,16932,17422,16700,18037,17411,17275,15766,18042,16944,18475,16775,17267,17223,16327,16950,19602,18288,17604,17777,20400,18553,16826,16563,16405,13593
8416,18122,17551,19295,17733,17197,17515,17393,17722,17899,18792,17095,16242,17332,17728,17939,17378,16875,17852,16527,17826,20456,18843,17729,17824,21494,18607,16379,17953,15565,14093
7098,18488,17951,19850,17587,17949,17285,17612,17849,18984,18899,17715,16976,17585,18074,18398,18067,17940,18374,17290,18105,19580,19003,17499,18196,19961,18703,17457,18119,17267,14699
5826,18487,17909,20120,17564,17918,17467,17475,18221,18491,19548,18451,17117,18263,18993,18875,19841,18339,18641,18042,18187,19156,18193,17558,18499,19618,18970,17335,18740,17711,15372
4383,18542,17442,19621,17003,17534,16869,17685,17208,19072,19093,18612,16910,18842,18695,19559,18552,18971,18913,18250,18565,19572,17260,18070,18003,17870,19316,18690,18803,18372,16220
3270,18240,16533,18809,15725,17350,16383,16765,16318,18693,16956,18148,14845,18583,17191,19133,16825,19298,16314,17656,16454,18925,15103,17422,16052,17549,18542,19029,17318,18579,15107
2948,17393,14776,17731,13832,16327,14727,15701,14910,17268,14987,16473,12840,17301,15023,16816,14712,16665,13917,16288,14355,17545,12941,14666,13607,17387,17583,17234,15354,16601,14057
3146,15175,13462,15483,12826,14582,14059,14276,14145,15918,13895,14474,12913,15060,14164,14757,14439,15008,13151,13992,13109,15465,11797,12252,12212,15882,16607,16505,14243,15939,13802
3077,15360,16363,15112,15603,13374,16707,13715,16330,14478,17078,13434,15736,14201,17004,14470,17305,13873,16100,12912,15924,14104,15545,11174,14983,15280,17991,15509,16310,14513,15961
3000,17103,19310,18183,18935,16090,20486,15577,19328,16540,20224,16229,18396,16655,20361,17800,20949,17894,19136,16032,19175,16996,17938,13853,18285,16907,18983,17873,20078,17001,18422
4592,19561,22346,21187,21175,18989,22207,18831,21226,19765,22805,19852,21170,19964,23633,21127,22182,21574,21762,18814,21521,20113,20693,16962,20665,16821,20014,21871,22844,20962,21270
6486,22262,24408,24034,22980,21429,23183,21971,23109,22526,24418,22394,21255,22960,24661,22269,23886,22116,22829,21296,22762,21015,21585,19708,21841,17096,20943,24019,23895,23400,22262
10113,24725,26225,25411,24644,23892,24873,23814,24206,23454,25720,24618,22014,23759,25754,22819,25234,23582,23705,23115,23889,21580,21689,20764,23081,16830,22114,24965,24410,23891,22786
12240,25995,25423,26528,24938,24481,24028,24147,23297,24380,25891,25838,22334,25024,25671,23582,24731,25553,23740,23859,24408,22501,21995,21802,22785,15846,24368,25708,24216,24112,22169
14574,26319,23811,26022,24095,24197,22822,23300,23493,24477,26138,25496,21426,25414,25156,26273,25195,25299,23789,24749,24501,21159,22096,22239,24069,14421,25524,24871,22351,23195,21155
16778,24995,22028,23253,23952,23556,22831,23237,22794,24234,25149,24980,21152,24917,24961,25338,25551,24778,23389,23879,24316,18991,22115,22169,24039,13101,26779,23732,22154,22527,20120
18910,20534,24290,25665,24913,23555,23148,23018,22502,23319,24908,23545,22304,24348,24938,24021,26110,24729,24122,23815,24362,18046,21860,23923,25073,13010,27804,22463,22757,21978,20428
18350,23458,24835,26600,25138,24355,23005,22814,22337,23387,24260,23847,22947,24248,24851,26163,24842,24907,24156,24595,24032,18300,22041,24403,24980,12453,27315,23142,22301,22624,20309
17218,24681,24269,24757,24972,24699,23506,22716,24446,22963,24620,24236,22195,24669,24683,23839,23178,24810,23679,24494,23174,18538,21680,24211,24878,12904,25417,22369,22537,21970,20059
16097,23955,23526,24337,23605,23955,22493,22838,20929,22006,22813,23551,21592,23132,23411,22608,23408,24246,22803,24213,22453,17170,21378,23439,23338,12563,23177,21904,19647,21085,19055
16409,23655,21968,24294,22758,22754,20703,21546,17937,20301,20948,22454,18884,22753,20599,24886,21749,23250,20814,22931,20964,17081,20295,23394,22407,12915,21826,18610,16555,19624,15481
15893,21896,20137,22087,19560,21450,18013,19205,16036,18259,18271,20389,15885,20371,17147,20128,17918,20700,17376,20785,18142,15613,18176,21701,20950,12169,14152,15262,13935,15974,12535
16778,19338,16928,19064,15486,18427,14505,17041,13547,15608,14939,17673,12556,17313,13602,16180,13496,18631,13846,17464,14466,13718,14846,19727,18285,11420,22153,12490,10852,12520,10134
17604,15185,12753,15542,12362,15411,11389,14569,10363,12990,11332,13651,10023,13534,10452,13302,10416,14048,10387,13303,10771,13522,11480,17270,14827,10665,29547,9843,8131,10173,7568
18665,11459,10087,12026,9401,11851,8924,11396,8553,10273,8890,10769,7320,10485,7836,10509,8090,10691,8384,10350,8100,11323,8939,13379,10904,9890,30236,7477,6253,7771,5619
19045,8847,7881,8678,7131,9317,7135,8719,6457,8434,6980,8102,6007,7944,6040,8241,5946,8363,6455,7850,5976,10315,6679,10314,8901,8488,28348,5697,4881,6287,4342
19261,6580,6006,7042,5949,6973,5649,6717,5248,6378,5659,6196,4886,6030,4981,5536,4330,6405,5043,5961,5000,8870,5175,7470,6765,7209,26264,4327,3872,4720,3604
19363,5247,4382,5355,4722,5807,4544,5410,3879,5549,4679,5249,4068,4867,3613,4664,3282,5251,3738,5051,3727,8150,3800,6039,5188,6240,25243,3405,2952,3642,2822
19078,4127,3676,4129,3792,4812,3542,4458,3173,4131,3550,3850,3170,3812,2923,3460,2732,3714,3155,3833,2984,7209,3135,4322,3823,5143,23117,2739,2530,2769,2379
18193,3440,3214,3109,3266,3738,3086,3703,2653,3241,2761,3150,2671,3251,2632,2799,2524,3232,2758,3006,2584,6018,2671,3461,3524,4003,21017,2066,2242,2406,2121
16635,2957,3205,2534,3267,3108,3091,3166,2858,2410,3009,2584,2844,2738,2912,2730,2700,3057,3122,2515,2591,5819,2843,2872,3414,3414,18170,2013,2384,2194,2130
14615,2779,2849,2788,2605,3199,2590,3256,2244,2804,2596,2770,2430,2755,2577,2801,2290,3005,2625,2816,2253,5291,2476,2854,2681,3206,12629,1975,2102,2275,1968
13759,2532,2887,2507,2562,2642,2706,2805,2312,2320,2755,2477,2534,2221,2921,2511,2743,2506,2760,2248,2489,4127,2670,2422,3079,2193,8899,1760,2353,2021,2339
17008,2718,5039,2671,4595,2704,4336,3067,3859,2431,4554,2678,4193,2363,4679,2670,4732,2821,4995,2621,4419,3540,4521,2578,4828,1801,6999,2033,4388,2385,4306
19595,4449,7132,4445,7263,4812,6237,4424,5772,4222,6964,4506,6274,4351,6693,4767,7570,5287,8021,4392,7014,3715,6841,4513,7029,1756,5750,4164,6600,4276,6575
21328,6601,12095,7163,11825,6873,10724,6076,9391,6633,12814,7292,11614,6835,12140,7096,12751,7427,13803,7062,12470,4613,12178,6672,12063,2144,5381,6627,11844,6311,11896
22661,11202,14558,11942,13863,11765,13183,10251,11375,12006,16360,12449,14471,11982,15534,12556,16887,12248,17405,12333,16549,5500,15916,12358,15230,2710,5056,12142,15429,11643,15030
29985,13934,17298,14544,16898,13641,15723,12400,14319,15589,20658,16418,17184,15844,19974,16431,20268,15618,20841,15661,19879,5955,19872,15790,18835,2637,4930,15873,19536,14874,18687
21501,17176,19124,17435,18741,17052,17752,15229,16103,20359,21352,20080,18428,19853,20533,21581,21992,19528,21338,19597,20437,6512,20957,19441,20484,3029,4624,20194,20800,19720,19710
22684,19057,20407,19254,20117,18252,19645,17252,18835,20593,20521,20693,18257,20187,19988,21355,21301,19813,21281,20200,19549,7076,20358,20920,20222,2926,4726,21891,21237,20607,19585
22188,21112,19379,20518,19185,19400,18448,19332,17891,19590,19759,19988,17375,20480,19239,21573,20526,19680,20108,19843,18639,7813,19717,20665,19752,3485,5505,22117,20044,20838,18438
22663,19882,18867,20003,17821,18455,17796,18249,17000,19637,19670,19313,18079,19531,18788,20390,19251,19351,20198,19031,18683,8365,18943,19708,18914,4195,6510,20435,19195,19347,17398
19573,19024,17662,19642,16721,18277,16361,18059,15534,19026,18301,18918,17902,18873,17934,20452,18228,18967,19035,18253,18486,9013,18082,20066,18466,5410,7705,19472,16819,18316,16241
17136,16989,17447,17626,16869,16719,16636,15889,15916,18629,17768,17790,17934,17534,18048,19678,18603,17899,19155,17244,18014,9695,18560,18424,18364,6572,10007,17256,17002,16233,15905
16606,16979,16579,18194,16188,16764,15606,16234,15153,18568,16583,18028,16311,17803,17415,18801,18762,17994,17964,17402,16720,11389,17316,18403,17439,7857,11405,17401,15592,16420,14690
16166,16381,18340,16975,17325,16636,17003,15730,16440,18041,18179,17242,16460,16994,18292,17223,19645,17167,18680,17286,18570,12701,18817,17621,19228,8586,13562,15595,17319,14997,16203
16020,17815,18760,18125,17849,18205,17538,16578,16424,18695,18896,18279,17383,18149,18506,18249,20453,18094,18600,18936,18309,13400,18439,18994,19485,9599,14537,17559,18062,17341,16711
15591,18029,18457,18555,17746,18034,16979,17363,16093,19692,18611,18118,16931,18251,18180,17691,19400,18575,17556,18516,17294,13282,17771,18845,18539,10158,15296,17823,16821,17606,16013
14395,17495,17608,18356,17208,17700,16844,16708,16178,19173,17662,17858,17236,17723,17401,17052,18448,18022,17373,17635,16699,13542,17214,17937,18424,10843,15376,16634,16158,16850,15725
12535,17075,18913,17683,17848,16970,17372,16809,17050,17824,19057,17635,17120,17104,18973,16783,18199,17359,17832,17343,17819,13538,17836,17974,18594,10618,16302,16523,17614,15625,16432
11341,18234,19122,18298,18132,17983,17667,17193,16795,19684,18951,18265,16635,18124,19361,18392,18845,18035,18087,19090,18227,13663,18676,18671,19253,11206,16066,17209,17978,17210,17190
9980,18091,19547,18613,18019,18230,17859,18105,17547,20139,19997,18676,16048,18680,19722,18593,18973,18733,18057,19197,18586,13980,19241,19082,19536,11176,16485,17438,18693,17552,17571
8404,18495,17267,18548,17120,18073,17357,19035,16769,20320,19260,18686,15553,19364,19572,19364,17968,19410,17634,19207,18078,14673,19068,20224,19129,12218,16887,19801,18743,18531,18184
7200,17523,15916,17742,15410,17471,16100,17230,15701,19468,17088,18134,14421,19044,17500,19176,15112,18991,15492,18412,15656,14614,16567,18966,16419,12039,16430,20241,17213,18806,16484
6578,16714,13836,16312,13868,15872,14347,15928,14067,17391,15367,15579,13456,16883,15213,16795,13580,16749,13677,16391,12989,15255,14529,16165,14143,11754,16044,18535,15389,17322,14774
5657,14735,11985,14782,13146,13784,13630,14180,13534,15218,13915,13635,12820,14389,14457,15293,12751,14604,12574,13472,11740,13560,12862,14013,12440,11282,14655,16573,13926,15719,13800
4474,13610,14313,13614,15734,13341,16197,13252,15939,13649,17107,12689,16109,13866,17736,14922,15901,13367,15818,12807,14934,13120,16086,12246,15352,10380,15514,15095,16336,14717,15971
3459,16290,17988,16220,18139,15857,18210,15256,18560,16052,20299,15756,19198,17005,21319,17899,19774,16382,19350,16097,18494,13273,19221,15021,19402,10642,16184,17871,19647,16955,19384
3276,19152,21181,18901,20969,18396,21282,17773,21029,18987,23029,19691,21302,20674,23270,21758,21960,19879,21754,19322,21215,13334,21408,18834,21772,10788,16280,21606,22732,20647,21649
3595,21865,23539,21794,23287,21500,22623,21104,22181,21967,24408,21487,22657,22678,24892,24169,23790,21735,23740,21645,23643,12930,23385,21115,23309,10786,16550,24071,24064,23122,23102
4240,24347,24714,23933,24723,23368,24035,23557,22860,24107,25778,22751,23276,23225,26555,24615,24998,23802,24666,22745,24623,13683,23604,22746,24617,11433,15626,25176,24881,25031,23464
4828,26186,25079,25474,25186,24977,24056,24797,22742,25260,26274,24126,23723,25012,26743,26370,25414,24832,25142,24219,24564,13682,23384,23679,24906,11262,14304,25592,24507,25376,23343
4926,25852,23032,24985,24192,24747,23987,24794,22569,25638,26475,24956,23021,25574,26376,26990,26075,24964,25597,25443,25305,14106,23209,23992,25149,10510,13741,25125,24438,25849,23197
5165,23995,21168,22877,24605,23895,24289,24154,22184,26045,25326,26003,21823,25301,26311,26168,25616,25791,25126,25695,25039,14088,22592,23597,25441,9827,13578,24584,23792,24434,23120
5776,21664,25514,22518,25805,24153,24134,24501,21926,25045,24557,25167,21666,25391,26179,25449,25916,25810,25312,25994,25351,14417,23164,23581,26065,10446,13326,23692,24517,23690,23208
7338,25027,26286,25246,25969,24778,24141,24042,22510,24846,24984,25659,22491,25520,26774,25994,25589,25816,26067,26424,24526,15187,23638,24093,25822,10164,13560,23593,24126,24704,23188
7839,25431,25650,25871,25593,24533,24661,24125,22350,24703,25001,25536,22004,25582,26449,27115,25041,25849,25613,25450,24739,15280,23192,24130,25738,11279,12730,23676,23957,25221,22638
8623,25643,24850,25324,24695,24478,24114,23970,21756,24863,24112,25761,23595,24848,25459,26191,24891,24877,23971,24621,23638,15654,22417,24027,24879,10756,12533,23367,22825,24320,21501
9731,24654,23869,25738,24316,24253,23611,25949,20994,23610,23100,25212,22090,24100,23927,25146,23888,25072,22859,23727,21861,13989,22630,23575,24496,10622,10673,21952,21086,22823,20719
11024,23154,22913,24763,23050,23299,21287,25094,19084,21637,20158,23548,20296,23336,21851,24371,22464,24763,21287,22503,21500,12592,21278,22502,23501,8270,9947,19331,17957,21754,17877
13231,21863,20850,23158,20138,22155,19491,23295,16702,21643,17954,22005,16288,21549,18756,23771,19061,22241,18308,20709,19838,11811,19300,22049,20698,7685,8258,15847,14729,17946,14367
13613,20051,16734,20525,17252,19329,16128,20552,13985,18962,14466,19518,13049,18003,14990,19268,16689,19957,14352,17932,16307,9653,16241,20667,19243,6540,8343,13156,11814,14722,11118
13737,16122,14106,17608,14103,15933,13044,16266,11632,15475,11632,15755,10504,15266,13865,15623,13006,16881,11746,14668,12324,7791,12966,19265,16900,5312,6326,10295,9221,11815,8733
15574,13107,11587,14436,10859,13410,9984,13365,9900,11955,9400,12747,8423,12130,10263,12595,9512,13588,9042,11986,10006,6862,10322,16192,13421,4573,4485,8080,7049,9274,6954
14226,10506,8951,11145,9242,10614,8526,10287,8443,9339,7816,10116,7090,9847,7873,10224,7745,10958,7318,9213,8077,5644,8160,12814,10585,3322,3991,6041,6102,7241,5898
18480,8444,7199,8915,7122,8934,7009,7901,6546,7967,6678,8379,5920,8022,6480,7941,6037,9119,6009,7202,6355,4639,6611,10410,8512,2840,3126,5180,4971,6184,4541
18265,6876,6051,7244,5763,7079,5525,6235,5270,6372,5499,6566,4849,6508,5094,6678,5194,7589,5364,5552,5091,3673,5410,8218,6744,2294,2794,3992,4205,4956,3834
16575,5375,4693,5856,4912,5803,4688,4869,4521,5132,4088,5478,4102,5309,4217,5182,4419,6221,4336,5023,4247,2945,4453,6335,5653,1888,2296,3359,3238,4158,3143
16417,4366,4507,4953,4648,4992,4665,3995,4369,4357,4312,4552,4093,4339,4289,4502,4267,4936,4008,3900,4440,2875,4287,5377,5420,1628,2506,2808,3474,3499,3295
14703,4183,3791,4546,3673,4555,3542,3734,3409,4305,3433,4546,3162,4202,3640,4316,3366,4796,3263,4039,3089,2883,3250,4659,3982,1962,2012,2703,2952,3433,2652
13469,3249,3586,3589,3322,3601,3163,3190,2967,3195,3156,3489,2939,3358,3376,3512,3096,3555,3183,2987,2930,2165,3396,3597,3682,1541,1955,2176,2858,2736,2541
12105,3134,4918,3516,4968,3643,4547,2878,4444,2878,4545,3269,4012,3083,5145,3174,4532,3337,4813,3090,4782,1902,4846,3208,4979,1459,2486,2434,4621,2534,4585
11676,4620,7039,5087,7209,4924,6346,4020,5712,4762,6802,4799,6627,4391,7144,4771,6877,4665,7519,4737,7250,2226,7090,4698,6847,1993,3774,4092,6570,4436,6626
15487,6725,11262,7102,11113,6649,10699,6062,9008,7294,11555,7384,10911,6769,11739,6557,11826,7084,12074,7102,12167,2870,11832,6900,11330,2763,5344,6053,11368,6559,11854
15077,10651,13725,10887,13143,10748,12050,9502,10312,12886,15447,11928,13043,11309,15197,11929,15333,11681,15249,12268,15235,4313,15506,12308,14716,3830,5956,11326,14644,11173,15913
14999,12952,15899,12988,15932,12731,14555,11446,12809,15820,20385,15434,16141,14866,19716,14950,19013,14822,19300,15903,20053,4936,20211,15444,18996,4376,7314,13826,18846,14477,19574
14487,15808,17329,15831,17355,15178,16322,13665,13491,19874,20562,19509,16551,18942,20851,19835,20131,19004,19564,20015,20654,6240,21053,19511,20784,5533,8030,15011,19936,19424,20898
14415,17565,19757,17326,19462,16731,18762,15257,16417,20367,20191,19672,17566,19693,20463,20149,19779,20306,19132,20432,21158,7376,20635,20489,20763,6342,10085,15124,20315,20059,20859
13796,19784,19341,19179,18581,18521,18321,17391,15906,20091,19405,19287,16839,19776,19658,19998,19227,20687,18454,20735,19863,8850,20128,20834,21030,7425,10867,15755,19285,20211,19707
14036,19699,17660,18805,18123,17924,17235,16922,15249,19600,18903,18369,16706,19309,19287,19310,18824,19585,17950,19149,18775,9864,18838,19854,19778,8473,11830,16110,18492,19220,18495
14021,18663,16532,17730,16476,17129,15496,16227,14367,19283,17251,18050,15946,18801,17986,18601,17705,18702,17374,18665,18346,10863,17936,18687,18496,9288,12507,16271,16873,18519,17096
15593,16509,16354,16439,16964,15820,15859,15185,14667,18413,17874,17306,16319,17108,17776,17567,18111,18099,17674,17992,18645,11900,18210,18014,18800,10259,13943,15323,16492,16466,16561
16589,16600,16054,16401,16009,16405,15559,15390,14738,18745,17024,17661,15319,16952,17735,17890,17408,18335,17016,17773,17986,12969,17653,18564,18765,10994,14115,15421,15440,16651,16496
17984,15636,17326,16240,16890,15710,16873,14725,16134,17998,18267,17158,16456,17108,18716,17470,18509,17653,18484,17786,19070,14045,18847,18237,20209,11708,15399,14604,17341,15564,17310
18035,17434,17463,17487,17069,16406,17350,15415,16343,19325,18351,18215,16719,17927,19032,18557,18510,18889,18460,18128,18901,15281,18814,18916,19684,13105,16521,15840,17377,17483,17354
17576,17668,17091,17622,16779,17040,16611,15729,15908,19004,17253,18175,16157,18426,17702,18944,17910,19146,17693,18355,17585,16153,17478,18244,18093,13577,16913,15962,16922,18057,16305
16189,17124,16668,17313,16654,16998,16543,16131,16700,18450,17098,17568,15798,17340,17023,17922,17690,18833,18093,17629,17309,17025,18029,16850,17958,14110,16207,15948,16465,16855,16685
14441,17124,17096,16647,16580,16524,16753,16058,16712,18029,17885,17079,16747,17150,18352,17627,18149,18315,19918,17104,18226,17596,18953,17845,18794,14559,17068,16283,17797,16827,18077
12535,17489,17811,16627,17407,17157,17552,16015,17394,18057,18868,17287,16855,17581,19791,18361,19632,18917,19945,18151,18788,18437,19684,18162,19592,14063,17756,16502,18924,17900,18375
11006,18371,17980,17646,17037,17341,17361,16749,17680,19315,19352,17885,17441,18924,20131,19557,19426,20430,19077,18892,19103,17777,19747,19043,20240,14506,17887,17377,19579,18747,18633
9151,18381,17080,17694,16651,17716,16508,16857,17495,20057,18035,18287,16769,19602,18645,19811,18760,20608,18186,19540,18261,18774,18464,19128,19125,15863,17936,18858,19159,19493,18401
8010,17898,15185,17661,15324,17135,15776,16588,15984,19211,15737,17782,15274,18893,16572,19277,16379,19915,16030,18557,15945,18868,16396,18287,16262,16608,18259,18338,17343,19020,17079
7096,16350,13538,15842,12987,15591,14232,15430,14946,16903,14420,16021,14150,16691,14736,16741,15083,16981,14092,16263,14181,19046,14436,15667,14858,15959,16710,17567,15856,17169,15582
6407,14688,12704,14950,12845,13942,13784,14186,14572,15288,13148,14205,13382,15332,13731,14948,14553,15045,13270,14668,12992,17706,13461,13938,12685,15481,15525,15857,14769,15680,14719
4421,14227,15019,13473,15439,13215,16867,13756,16880,13729,16354,12834,16018,14661,17166,14244,17509,13978,15935,13473,15847,16591,17047,12626,15752,14491,17440,15069,16980,15126,17569
3126,16924,18778,16633,18280,16320,19906,15596,19398,17003,20087,16332,19412,18110,20392,17563,20911,16891,19419,16747,19426,18951,20614,15807,19931,15597,19523,18144,21604,17664,21013
2514,19952,21583,19501,20439,19539,21668,17743,20797,20142,22814,19704,22047,22624,22838,21246,22958,20025,21778,20594,22514,20519,23322,19375,22925,16349,20137,21770,24026,21065,23696
2550,22665,23834,22009,22588,21553,23098,19439,21449,23177,25027,22931,23843,25209,23791,23115,25257,21438,24460,23151,24457,20626,25791,21905,24921,16711,20936,24651,26085,23573,25758
3148,23465,25123,23891,24047,23100,24319,21047,22077,25036,25983,25328,24816,24975,25914,24785,26659,23813,26246,25446,26156,21227,26650,24008,26335,16708,21998,26480,27462,25063,27289
3658,25111,24762,25196,23745,24705,23800,22647,21483,27337,27090,26188,25433,26477,26355,26396,27104,25517,27224,27196,26677,22716,26971,25410,26896,18113,19934,27443,27681,26854,28107
4345,23984,22761,24427,22420,23913,22649,21734,20415,26812,26622,27541,25249,27165,25656,26837,26439,25493,26862,26881,26217,21044,26688,25568,26796,16700,18302,27676,26427,26037,27308
4682,21701,22227,22357,23260,22283,23190,21394,20436,26592,25560,26811,24492,25960,25449,26621,25840,25475,27340,25994,26289,18862,25508,24888,25989,15087,17815,25589,25444,24863,26570
6248,20592,23985,22460,23454,22808,22209,20208,19315,26243,25141,26093,24332,25435,25448,26144,25694,26996,27335,25879,26370,18821,26284,25190,26280,15282,17366,23761,25168,23793,25935
7454,22630,23788,24066,22822,22239,22105,20329,19328,25919,25495,26091,24473,24847,25823,26019,26093,27015,26727,26301,26344,18485,26978,25350,26403,14797,17518,23882,25376,23560,26432
9010,22854,23855,23690,23704,21989,23041,20221,19660,25898,26737,26247,25932,25174,25813,26816,26821,27264,27181,27136,26736,18416,26983,25927,26905,14744,19508,23922,26024,23904,26739
10280,23892,26040,24491,24940,22689,23974,20945,21469,26603,26657,27090,25931,25419,26407,26701,26870,26977,27761,26940,27093,19806,25438,26737,26723,15618,19720,24901,26428,25266,26874
11488,24959,25863,25737,25951,23756,24057,22327,20853,26899,27379,27681,26479,25904,26898,26519,26889,26343,27193,26834,27569,19671,24914,26771,25807,16172,18658,25440,25890,25284,26928
11595,26039,25851,26688,25479,24182,23997,22765,21452,26900,27284,27159,25878,24543,26587,26740,27283,26333,26857,26960,27064,19234,24165,26180,26432,14863,19337,25306,25472,25157,26000
13098,26873,26100,26230,25234,24184,23174,22852,20564,26763,26227,26816,25100,24513,25257,26173,25739,26524,25692,26107,26220,17725,22925,25739,25976,13696,18085,25133,24841,24597,25778
12623,25871,24625,26300,23378,23849,21534,22726,19267,25721,24744,25251,23886,23316,23717,25059,23889,25425,24162,25034,24289,16089,22187,24743,24322,13396,16661,24251,22159,24223,23304
13031,24874,22657,24337,22180,22495,20240,21079,17439,24590,23304,23375,22982,22311,22541,24437,22278,24937,22219,24103,22849,14561,21493,24285,22993,12040,15624,22330,20046,21761,21318
13263,23243,20289,23124,20497,20367,18434,19166,14848,22118,21293,21806,20541,20470,19773,22718,20337,24946,20748,22682,20731,13292,19021,22826,21186,11298,14177,19918,17945,20356,19024
13349,21674,18524,20675,18933,18368,17382,17719,13900,20378,19870,20635,18970,18629,19652,20700,19179,23736,19471,20630,19081,12000,18009,21266,19390,10005,12850,17922,15954,18221,17022
13822,19221,15943,18663,17041,17499,14870,16471,12731,19093,17657,19322,17433,17120,16294,19623,16566,23245,16940,19226,16573,10967,15786,19907,16298,9368,11509,16425,14210,14264,14733
13716,16140,13179,15997,14983,15607,12921,14158,10776,16717,15100,16841,14547,15544,13968,16675,14146,21459,14431,16555,14188,9747,13114,17053,14308,8002,10329,13977,12146,11852,12593
13919,13371,12423,13405,12488,13502,11258,12730,9550,14043,12932,14744,12694,14012,12000,14447,12015,19849,11898,14088,12213,8556,10541,14423,12289,7493,8830,11797,10342,10245,11048
14203,12041,10478,11921,10554,11670,9869,10984,8605,12077,10574,12309,10374,11425,10432,12377,10285,17679,10264,12491,10145,8342,9296,12363,10822,6509,7903,10171,8970,8895,9364
13179,10301,6556,10203,6425,9956,6061,9409,5547,10212,6546,10242,6339,9541,6402,10609,6316,15018,5942,10208,5902,7178,5388,10600,6612,5928,4497,8666,5302,7634,5209
13708,6472,4561,6543,4384,5950,4150,5667,3605,6328,4531,6470,4313,5912,4443,6436,4106,10600,4063,5853,3983,4441,3578,6501,4648,4158,3189,4721,3600,4822,3683
13897,4507,3513,4719,3611,4023,3688,3879,3238,4440,3807,4374,3538,3832,3481,4562,3465,7758,3498,4019,3556,2747,3205,4211,3998,2648,2793,3390,3192,3521,3329
14740,3682,3607,3853,3904,3499,3811,3398,3520,3603,3672,3435,3709,3230,3971,3783,3657,5907,3726,3477,3651,2489,3427,3425,4080,2313,2810,2905,3473,2971,3714
14575,3422,4781,4116,5204,3663,4938,3683,4315,3781,5070,3789,5311,3425,5191,3923,4756,5743,5242,3582,5153,2283,4666,3475,5139,2391,3696,3265,4304,3225,4531
16085,4554,5423,5274,5624,4608,5248,4437,5116,4846,5484,4454,5974,4159,6434,5060,6003,6223,5655,4936,5379,3109,5262,5132,4833,2821,3707,4249,4478,4324,4803
18182,5347,6669,5331,7264,5226,6972,4732,5918,5444,7528,5381,8183,4720,8435,5992,7853,6386,8191,5272,7174,3380,7841,4986,6360,2967,4758,5058,6310,4948,7049
16861,6853,7064,6830,7501,6154,7885,6130,6383,7701,8713,7585,8942,5848,10255,8639,9091,9098,9371,7427,9070,4628,8786,7716,7568,4013,5334,6976,7465,6401,8363
14140,7107,9363,7303,9344,7082,9526,6492,8259,8375,11686,8782,11805,6901,13847,10309,12209,9864,13050,8646,12114,5291,11893,8873,10329,4505,7736,7425,11664,7537,11899
14477,9463,10874,9704,10021,8917,10750,8397,9430,11334,12432,11824,12261,9611,14970,13563,13433,12903,13820,12313,13665,7405,12849,12361,11646,6117,9130,11024,12000,10085,13522
15293,11022,13255,11209,12227,9965,12899,9673,11656,12747,16216,12587,15226,11626,18403,14136,16768,14185,17437,13426,17463,9044,16411,13217,15228,7591,11189,13013,14970,11421,18164
15457,13393,13164,13874,12203,12488,12950,11493,11833,15930,16126,15795,15802,14814,19338,16945,16390,18584,17281,17040,17209,11193,16917,17706,16173,9467,11887,16327,15205,15063,17645
16048,13567,15159,14548,14669,12845,14145,11723,13393,16567,18527,16088,17334,16839,21107,17004,18666,19066,19718,16811,20299,12541,19706,19199,18920,10065,14095,16385,17118,14932,20056
17477,15452,16030,16204,14849,14960,14724,14060,13778,18716,18755,18430,18070,18245,20821,19045,19740,22683,19999,19069,20255,15281,22924,21605,19813,11788,14737,18820,17495,16512,20270
16391,15525,18256,16938,16363,15195,15667,14204,15204,18722,20352,18543,20105,18230,21854,19859,21266,23292,22047,19423,22981,15551,26224,22106,21529,12882,16826,19868,19508,16893,22865
17006,17165,17751,18696,16489,16331,16016,15542,15367,20103,21020,20332,20138,18322,21813,21198,21452,24154,22352,21552,23368,17665,25548,23452,22544,14317,18143,22503,20017,19945,22951
15427,17263,17675,17585,17237,16385,16245,15446,15775,20287,20732,19797,19968,18541,22250,21550,21613,25310,22898,21685,23444,18499,24376,24095,22751,15130,20074,22724,20707,19851,23387
14615,18418,18557,18538,17955,16704,17156,15993,16045,21127,21345,20601,20411,18062,21450,21583,21773,26625,22660,22380,22610,18680,24464,24114,22744,15345,21386,23856,20941,20385,23069
13124,18578,18389,18206,17713,17450,17194,16206,16499,21259,21500,20823,20317,18008,21271,21455,21440,25584,23047,21954,22258,19621,23825,24368,22263,17040,21466,23073,20725,20321,23298
12222,18762,17538,17532,17418,17458,16993,16531,16113,21946,20453,21182,19930,18784,20595,21869,20362,25115,21976,21926,21160,19830,24235,23648,22212,16684,21368,22492,19358,19563,21817
11134,18076,17506,17657,17679,16849,17286,15717,16651,21655,23821,20742,20502,17708,20863,21426,20601,23935,22746,21851,22960,19187,24001,22929,21906,16291,21695,21336,20008,18692,21565
9145,18604,17580,17943,18014,16880,17109,15964,16507,21830,26150,20477,19916,17998,20262,21650,20989,23341,22382,22014,23007,19999,23877,22531,21744,17065,21529,22371,20758,19016,21729
8624,18580,18027,17698,18031,16951,17115,15868,16868,22886,24051,20654,19259,18033,21024,21611,20210,23337,21956,22075,21145,19722,21761,21489,21173,17860,20273,23119,21068,19252,22838
7885,19306,16959,18074,17643,16926,16437,16012,15594,20736,19433,20386,17572,17851,19141,20904,18243,22199,18619,20936,18440,20600,18277,19081,18061,17447,19355,23941,20316,19325,21068
7167,18140,17066,16920,17167,16376,15986,16200,16037,18209,17521,18174,15629,17046,17903,18820,16875,20008,15861,18358,16028,19125,15670,15734,15360,16199,17061,22728,19248,19139,19920
4805,17455,18155,18262,18409,16454,17735,15778,16973,17090,19137,16690,17721,17241,19903,17255,19078,18443,18326,15289,19101,16658,18411,13140,17470,14999,18676,20126,20449,19092,20715
3103,18980,20610,19013,20034,17768,19247,16268,18390,19270,22602,18151,21308,19295,22820,19029,22244,20865,22332,17742,22361,18684,21332,15041,20909,15570,21073,21139,23133,19901,23595
2671,21152,20793,19902,21113,19335,20555,18160,18681,22270,25039,21330,23297,21740,24243,22812,23703,23719,25097,21769,24256,20891,23306,17961,22562,17132,22091,24417,23733,21433,26044
2510,22483,21584,20449,21487,20035,21424,19155,19196,24264,25988,23268,24024,22729,25880,24455,25544,25241,27236,24058,26410,21554,24856,20757,24471,17710,23100,26639,25602,22997,27286
2917,22534,23493,22190,22872,21023,22252,20365,19744,25210,26920,25025,24925,23854,26756,26373,27125,27383,27898,26029,27377,22678,25798,22233,25685,18132,23801,26907,27074,24210,28804
3189,22801,22555,23099,22995,21977,21379,21278,19564,25976,26845,25816,25418,25857,26593,27460,26539,28398,26790,27266,26255,24055,25274,23550,25252,18627,22393,28043,25487,26175,27773
4107,22117,20183,22128,20896,20987,20043,20466,17522,25765,26733,25694,23601,26490,25248,27222,24964,27426,25561,26817,23977,23418,25158,24311,23238,17430,18954,26853,22437,24935,24985
4122,19864,20441,20110,21411,19159,19941,20057,17731,24487,24954,24693,23219,24115,23934,25204,23665,26537,24344,25049,23565,20196,24164,24320,22683,16148,18005,27983,21569,21243,23291
5654,19494,21555,20261,21273,19801,19947,23457,17364,23499,22317,24187,22544,23384,23401,24329,23200,25980,23890,23713,22703,19676,23771,23465,22523,15807,19333,24555,21542,20206,23719
6360,20607,22406,22299,21628,20361,20601,18798,17483,23210,22581,23820,23273,23515,24145,24526,24238,24601,24609,23324,23078,19566,24363,24125,23214,16121,18891,23596,22661,20188,24670
8406,20627,22512,21886,21872,20651,21109,19387,18037,23487,23544,24549,25131,24476,25308,25203,25202,24838,26595,23970,25755,19272,25705,24696,23741,17054,20259,24947,23754,21588,25721
9372,21706,24667,22600,23457,20833,22185,19998,19559,24515,25662,25442,26895,24455,26284,25975,26140,26372,27260,26325,27028,20686,26429,24848,24614,18095,20055,26085,25114,24357,27309
11067,24243,25424,24667,24958,22467,22255,21426,19421,30313,26615,25914,27936,25474,27136,27073,27417,26567,27998,26139,28126,21659,27272,25952,25195,17628,19787,27646,25308,25009,26591
11595,25204,25852,25662,24984,23285,23286,22449,19857,30373,27542,26329,28113,25811,27099,27881,27692,25879,27854,27312,28472,21154,27636,26481,25864,17414,20995,28301,25251,25641,26288
12909,25752,25137,25832,24613,23652,23263,22640,19205,28464,27320,26618,27269,25847,26610,28626,26866,26125,26931,28114,27424,21170,26695,26376,25530,17594,19613,28401,25423,25928,
13715,25792,24099,25659,23468,23701,22356,22666,18139,25818,25627,26477,26320,25224,25400,28093,26254,25110,25208,26651,25493,20149,25626,26065,24429,16514,16975,26653,23964,25026,
13648,25033,23058,24748,22125,21532,20247,21430,16686,24635,23964,25461,24571,23248,23992,26200,24482,23109,23782,25212,24876,18555,24285,25745,22976,15556,16541,24790,22134,23773,
14296,23935,20786,22552,22220,20557,19261,20015,14841,23410,22332,25371,22698,22772,22359,25610,22425,39197,22472,24273,22639,17768,22249,24053,21027,14465,14379,23141,20253,22667,
14798,21440,19217,20712,20171,18415,18335,18791,14018,21481,20620,21726,20948,20671,21054,23483,20865,35212,21183,22665,21013,15608,20741,22288,19741,12810,13089,20654,19354,20864,
15473,19468,16329,19122,17690,17813,15881,17683,12187,19800,18567,20737,18561,19208,18812,21850,18801,13259,18443,21069,19100,14966,18554,21263,17359,12680,10506,19179,17470,19498,
16032,16622,14293,16777,14908,16223,14076,15830,10536,17674,15772,18852,16218,17300,16584,19297,16066,12250,16105,18803,16662,13074,15770,18637,15156,11121,9216,16879,14916,17494,
14661,14485,13193,14475,13465,13777,12215,13862,9591,15215,13346,16474,13873,15260,14204,16574,14093,10013,13801,16590,14489,11332,13976,16106,12970,9850,8103,14597,13069,15262,
14836,12974,11166,12720,11663,11818,10492,11961,8665,13501,11616,13647,11926,12970,11990,14355,11863,7898,11997,14414,12023,9965,11368,13609,11246,9033,6823,12394,10617,12727,
13700,11191,7518,11239,6997,10499,6297,10153,5317,10896,6999,11793,7361,11168,7092,12112,7194,6375,7112,12228,7069,9167,6531,11786,6712,8122,4263,9787,6053,10682,
14565,6911,4877,7087,4810,6180,4328,6051,3597,6766,4273,7142,4330,6678,4311,7284,4661,4532,4627,7230,4453,5520,3929,6978,4593,5228,3025,5859,4097,5804,
15392,4410,3639,4896,3650,4096,3426,3848,2783,4261,3568,4611,3681,4321,3844,4845,3656,5116,3683,4624,3483,3812,3236,4468,3675,3452,2549,3682,3219,3732,
16866,3467,3412,3818,3561,3476,3367,2948,2587,3415,4209,3474,3886,3259,3796,3667,3780,5232,3587,3594,3479,3123,3177,3728,3974,2937,2605,3108,3050,3050,
16893,3429,3827,3449,4060,3259,3930,3143,2914,3220,4684,4131,4600,3277,4755,3718,4116,4542,4158,3332,3968,3103,3757,3611,3929,2764,3064,2883,3114,2793,
16877,3599,3922,3883,4382,3468,3834,3505,3167,4160,4527,4395,4930,4072,4491,4573,4530,5298,4351,4083,4092,3777,4042,3909,3922,3090,3205,3710,3521,3690,
17025,3575,5241,3810,5741,3690,5166,3812,4212,4345,6231,4443,6204,4566,5559,5167,6287,5155,5823,4416,5877,3699,5401,4139,5061,3109,4254,3790,4745,4009,
15884,4557,5601,5059,6722,5047,6704,4939,4502,5963,7725,6155,7212,5973,6959,6844,7318,6029,6850,5214,6845,4968,6483,5583,5995,4300,4897,5294,6290,5014,
14487,5243,7147,5476,7857,5503,8252,5442,5730,6887,10159,6827,9136,7209,9127,7279,9260,6280,9839,6429,8283,5630,9264,6831,7813,5130,6628,6133,8298,5354,
14159,6588,8425,7083,8424,6667,8872,6630,7102,8834,11013,9510,10287,8999,11015,9761,10911,8771,11422,8898,10231,7422,11497,8929,9237,6652,7726,8808,9919,7694,
16135,8009,10951,8153,10636,8014,10157,7744,9054,10042,14091,10785,12808,10669,13961,11712,14136,10151,14897,10911,13189,9123,14585,10358,12647,7486,9284,9884,13441,9298,
16165,10743,11800,10647,11811,10532,11490,10198,10152,13188,15480,13570,13952,12678,15445,14210,15466,12501,15815,13475,14458,10981,16159,14261,13946,9812,10955,13052,15096,12036,
14025,13524,13936,11873,13776,11486,13701,11041,13059,14600,18669,14691,16763,14511,17923,15394,18611,13990,18787,15157,17284,12227,20205,16254,18143,10911,13348,13881,18880,13457,
13970,16179,14835,14193,14821,13733,14623,13200,13923,18209,18796,17071,17356,16953,18438,18387,18437,16534,18880,18595,17800,15247,21146,19993,18415,13280,13517,17481,20210,16776,
13198,14905,16412,14938,16169,14525,15373,14107,14755,18446,20213,17457,19238,17817,19592,19168,20375,17133,19871,19233,19509,14970,22387,20203,19646,13191,14443,17730,22395,16838,
11355,16916,16763,16488,16715,15314,15798,15069,15186,20350,20410,17961,19607,18894,19733,20891,20658,18775,20722,20372,20547,16912,23081,21630,20124,14218,15285,20015,22791,18681,
8675,17082,17613,16996,17652,16013,16478,15638,16404,20838,21782,17900,20310,18505,19766,21806,21283,18985,21774,21847,20211,17420,23163,22210,21235,14878,16028,19794,22619,19382,
7180,18606,17439,17381,17360,16268,16986,15464,16652,22183,20634,18347,20033,19227,19809,22188,20200,19911,21318,21695,20041,18336,22660,22458,20709,15665,16329,21709,22916,19841,
5178,18935,17921,18173,17167,16610,16375,15901,17446,20582,20061,17302,19595,18361,19242,22153,20135,19123,20699,21880,19619,18091,22127,21793,20382,15911,15891,21296,22472,19688,
3658,20175,18605,17651,18546,16496,17545,16001,17493,20506,19774,16009,19871,18014,18990,21713,20306,19524,20831,21047,19947,17841,22237,21177,20570,15002,15960,20381,22015,19900,
3181,22219,18113,18698,17882,16885,17532,16492,17264,20109,20069,15427,19819,17486,18676,21838,20404,19640,20467,21107,19844,18946,22193,20831,20093,15102,16376,19508,23848,19767,
2402,22868,17579,18260,17268,16396,16751,16166,16546,20198,19417,14986,18620,17816,18037,21082,19931,18364,20249,20602,19088,19156,21252,20577,19670,15658,15303,19210,22149,19114,
1944,20375,16927,18181,17322,15796,16425,15531,17090,18873,19363,14381,18657,17364,16660,20448,19772,17940,20100,19817,19237,18159,20818,20293,19194,15756,16271,18255,19787,18144,
1877,18489,16526,17413,16500,15545,16231,15655,17297,19041,19206,13763,17688,16871,15948,20113,18406,17949,18688,19310,18316,17805,19110,18839,17506,16645,15873,19171,18399,18343,
2257,16187,16956,17230,16446,15642,16257,15040,16546,19295,18284,13163,16927,15497,15261,18645,16957,17288,17249,18479,16996,16838,17255,17406,15650,16464,15588,18758,18309,17879,
2280,14015,17381,18275,17317,15531,16875,15083,16474,18868,19503,11940,17637,15185,17141,17210,17972,16326,18573,16296,18134,15906,18368,15292,17057,15288,15471,19444,17623,17910,
2575,14261,19232,18883,18472,16410,18041,16229,16959,18851,20621,13536,19283,16114,19085,18326,19563,17522,19937,17751,19633,16917,20327,16443,19010,15988,16139,19816,18567,17868,
4174,20081,19127,19851,19503,17684,18055,17409,16567,20518,21554,15175,20448,18312,20188,20498,20106,19243,20564,19230,20204,17670,21411,17727,19688,16608,15862,19830,18557,19079,
6346,21503,19404,19673,19622,17992,18276,17288,17590,21710,21538,16406,19638,19793,20512,20924,20449,20291,20132,19883,19810,17941,21379,18988,19461,16556,16218,19842,20670,19687,
10594,19850,18812,20508,18900,18285,18030,17242,17053,20895,20589,17318,19509,19706,20723,21579,19860,21649,19654,19768,17925,18093,21735,19533,19098,16635,14093,19586,16805,19227,
12632,18383,18253,19557,17188,17697,17081,17129,16561,20761,20391,17588,18936,20198,20415,22026,19343,22839,18449,18931,16938,17587,20031,19548,17989,16446,17786,18579,14576,17843,
14893,17640,16497,18268,16880,16452,16006,16103,16870,19916,19593,17895,18188,19790,19483,22197,18128,21772,17176,17936,15096,16867,18305,18055,16406,15796,16079,17586,14056,16231,
16470,16225,16681,16615,17035,16195,16544,16485,16514,19740,18439,18084,16594,18192,19008,19709,17298,20994,17596,16360,15539,15693,17961,17006,16716,14951,14137,15320,14591,14905,
18998,15566,17334,16969,16790,16545,16394,16190,15871,18975,17587,16972,16330,17701,17958,18780,16004,19774,16431,16885,14806,15342,17334,16671,15983,14373,11407,13987,13904,14598,
17792,17088,17674,18252,17007,15989,16467,15500,15529,17866,17638,16389,16075,16484,18341,18060,16422,18398,15860,16000,15035,13821,17401,16007,16304,13695,12479,13611,14487,13551,
16396,16968,16469,16920,15893,15763,15480,15128,15049,17750,15698,15846,14977,16626,18181,17973,14618,17764,15253,14902,13285,14083,17020,16344,15546,14411,11317,13943,15516,13933,
14128,15271,15128,16356,14672,14767,14150,14489,15675,16820,14343,15329,13503,14889,17069,16572,13017,17334,13845,13707,12090,13714,14661,15913,13653,14035,10005,12956,14292,12374,
14161,14141,13973,15567,12667,14157,12599,13947,15673,15292,12808,14446,12052,14114,15057,14957,11532,15431,11656,13406,10552,12119,12367,14327,12018,12954,8802,11585,12676,10625,
14154,12851,12040,14278,10905,12939,11942,12525,15524,13219,10827,12721,10779,11870,13867,12461,10089,12958,9818,12021,9136,9904,10891,12060,10392,11239,8002,12116,11970,9964,
15074,13877,9494,12786,8882,11801,9875,11899,14618,12246,8077,10826,8332,10041,11544,10448,8326,10224,7870,11115,8106,8970,8141,10952,8488,10461,6669,9058,10938,8190,
