12.201,15.642,-2.1622
10.278,18.738,8.361
5.5008,5.0947,-2.1587
9.7068,2.7215,9.1226
-3.3909,4.7264,-10.119
4.4782,7.3503,-3.4149
3.6254,6.0288,6.3789
-8.9191,19.477,-4.2191
5.3555,1.0776,12.65
4.4858,12.446,13.057
6.1753,3.4209,-0.52821
3.7924,17.607,13.331
5.3947,3.5188,12.63
-9.1989,10.546,1.276
11.665,20.986,-3.7561
5.8854,7.4636,-1.4001
-6.4307,0.98863,5.841
9.5174,4.4869,9.3518
11.275,8.3546,-4.6032
5.1248,7.007,12.765
-1.1197,4.8217,-10.835
1.6674,19.659,-4.7657
12.575,14.347,1.886
7.8758,20.204,10.983
1.2609,9.1974,-11.038
8.9706,19.747,-7.7488
7.7314,0.12252,-8.8031
-4.4315,12.816,7.1466
-1.1463,16.823,-10.83
6.32,4.8926,0.2694
4.1225,19.582,-10.593
1.4814,16.029,-4.7885
3.7121,17.355,6.3116
2.17,12.043,-4.6678
4.4619,16.644,-3.4298
12.419,6.9099,-1.1593
2.9539,4.6927,-10.867
1.1737,6.5601,7.611
6.1797,12.275,12.191
1.6067,17.428,-4.7739
-7.4135,6.0997,4.8288
-3.6476,8.4536,7.465
9.5728,18.103,-7.1148
11.427,12.91,-4.2933
6.3566,20.815,1.2254
-9.2849,4.2777,0.89849
-7.7655,17.371,4.3727
-2.0598,14.193,-10.606
4.464,5.2279,-10.487
8.7227,9.9915,-7.9843
3.7611,8.3806,6.2727
1.3626,12.588,-11.035
-1.1846,16.811,-10.822
6.2404,2.2064,-0.2386
5.255,17.25,-2.5337
-9.4082,17.663,0.14507
5.0954,7.4446,12.779
-0.52606,9.0315,7.903
-7.0995,12.017,-7.3632
5.8561,14.717,3.499
8.4378,15.592,-8.2387
4.7848,15.916,5.268
-9.466,8.1717,-0.53202
3.3986,9.0154,-10.778
11.226,20.083,6.7688
5.1483,12.032,12.754
-8.9086,17.844,-4.2485
5.8099,5.8033,-1.5723
6.0376,13.069,-0.99749
4.6787,12.356,5.3926
12.605,20.233,0.87865
4.8199,1.804,5.2255
12.188,10.51,-2.2119
5.2481,10.953,4.6437
8.3298,1.8935,10.586
-1.252,18.998,7.9125
6.3058,18.572,1.8274
4.9541,9.2188,5.0563
-4.8301,16.416,-9.3439
-8.8839,3.1178,2.285
-1.3795,13.016,7.9073
12.539,5.4731,-0.29606
-7.0998,9.3588,-7.363
-8.8268,17.724,-4.4685
9.3976,4.1203,9.4914
3.2057,6.3809,6.6767
8.9272,10.149,-7.791
8.6437,7.0941,-8.0565
-3.5646,16.768,7.4933
-8.0771,20.737,-6.0037
3.5579,3.34,-4.0984
2.5417,4.9745,-4.5604
-9.3087,14.747,-2.7805
10.519,7.8849,-5.8907
7.8741,20.448,10.985
5.584,20.418,-2.0159
-8.0275,13.518,-6.0855
-8.7587,18.062,2.5993
0.54006,8.4396,-4.7942
-0.28171,13.271,7.8847
6.2353,20.69,-0.26369
11.382,11.749,-4.3887
1.5823,19.605,7.48
-9.3453,15.127,-2.5755
6.2733,10.165,-0.060187
-5.9467,13.42,-8.515
4.4267,18.64,5.6668
-1.2874,4.1735,-10.8
2.3639,8.3027,-10.956
8.1719,20.836,-8.4617
-8.0029,8.4494,4.0263
3.9086,13.836,-3.8728
5.7194,18.928,3.8068
9.7098,20.903,9.1188
6.0928,13.716,-0.8255
12.464,2.2772,-0.88444
-9.1541,0.75839,-3.4599
0.51357,12.98,14.091
3.6614,11.91,-4.0358
-7.6192,20.201,4.5697
4.8271,15.668,-3.0643
4.8421,13.913,12.899
0.20766,10.99,-4.7515
10.24,5.4578,-6.2869
12.274,20.202,-1.8686
12.19,11.344,4.22
3.9351,0.63567,-3.8542
-4.9705,14.623,6.8709
4.5717,10.914,5.5125
11.656,1.2396,-3.7788
-7.0073,18.691,5.2874
9.9189,6.9342,8.8529
6.3606,4.8237,0.91628
4.3869,2.3929,5.7075
5.9638,6.5294,-1.2035
5.7473,4.7971,-1.7049
12.171,13.692,4.2904
-7.4373,1.3894,-6.9453
-8.8222,5.7841,-4.4805
5.9517,5.9182,-1.2352
12.533,18.481,2.3538
-4.3165,9.3309,-9.6541
-1.3257,15.874,7.9097
-9.4753,12.669,-1.1894
-5.1122,16.449,6.79
3.5629,2.3925,-4.0955
5.3767,20.55,4.4409
5.3912,17.821,-2.3338
6.3608,1.0636,1.0428
5.3755,9.7902,4.4429
-6.1475,6.8387,6.0783
2.3368,13.234,-4.6234
10.493,4.8363,8.0419
6.7703,12.178,11.814
-9.3041,12.666,0.8031
-9.2757,12.597,0.94278
-0.32628,9.417,7.8886
10.671,0.74389,7.7614
-2.7203,10.79,7.7276
4.9912,8.5623,-2.8759
10.587,2.269,-5.7877
-4.2508,9.6574,7.2283
5.3144,9.4685,4.5411
-5.2581,11.574,6.7029
4.4349,16.913,-3.4543
5.6406,14.718,-1.913
7.0593,18.317,11.614
5.5135,1.096,12.568
-7.6927,4.6133,-6.5964
2.8177,9.6525,-4.4604
5.5465,20.129,4.1465
-1.4937,16.591,7.9009
12.371,9.4894,-1.4215
0.70272,7.002,-4.8065
2.0188,1.241,-4.7029
6.3036,15.559,0.13805
-1.7833,10.643,-10.682
6.6801,4.1984,-9.4942
-1.9188,8.9711,-10.646
-8.0205,3.5425,3.9991
-8.9151,15.786,-4.2303
2.5653,7.7354,7.0531
7.8699,19.778,-8.6994
6.3505,0.36062,1.354
2.1071,17.41,-10.985
6.3609,13.158,1.0184
-2.6624,11.314,7.7402
-4.0026,13.661,-9.8247
10.586,15.259,-5.7901
3.7914,1.9843,-3.9525
8.3183,18.429,10.597
10.294,0.30161,-6.2132
-9.2283,6.1804,1.1548
-7.2571,3.7782,5.0131
-7.8242,19.452,4.2902
1.912,1.4318,7.3552
-9.4744,12.203,-0.76141
-9.4772,13.38,-0.96545
12.283,13.677,-1.8315
11.409,18.157,-4.3318
-2.2549,1.175,-10.547
-3.4272,17.154,7.5382
12.102,11.107,-2.5166
-9.272,14.581,-2.9637
-1.3085,4.4605,7.9104
7.3745,11.409,11.382
11.936,14.753,5.0689
-8.8121,20.085,-4.5064
-4.2799,9.3354,-9.6747
-6.9866,1.7934,-7.4933
6.1767,1.2041,2.5183
2.249,13.218,7.2089
-8.8093,16.72,2.4764
5.6763,14.515,3.8959
12.602,7.2515,1.3082
6.3197,19.883,1.7138
5.8022,10.924,3.6253
6.3167,20.03,0.24071
5.7557,1.5455,3.729
-7.2483,4.3477,5.0232
1.59,16.276,7.4773
8.8671,19.198,10.067
-6.9378,16.434,5.3598
6.36,6.2062,1.0987
10.343,3.1888,8.267
2.6458,17.806,13.693
-7.4202,16.482,4.8206
4.9882,5.6875,-2.8795
4.6538,4.784,5.421
-5.5859,6.7415,6.4922
-6.4599,17.421,-8.0471
4.4627,17.266,5.6294
-5.882,11.984,-8.5696
4.6534,12.008,-10.424
5.9061,6.0064,3.3747
5.2034,14.682,-2.605
2.5428,16.721,7.0648
1.0553,9.2734,7.6443
-6.5786,9.3705,5.7086
-9.4728,9.7789,-0.70287
3.9815,5.8598,-3.821
4.4499,14.183,5.6427
11.697,18.977,-3.6774
1.3563,19.079,-4.7998
8.3682,15.691,10.551
6.5476,5.4707,-9.5701
-9.2638,14.482,0.99838
-7.5059,2.7684,-6.8547
5.4657,2.5935,4.2908
-8.3657,4.009,3.4177
4.7009,3.0604,12.963
-8.9214,12.286,-4.2124
-9.4337,1.5406,-1.9044
5.6439,17.269,3.9609
-9.2692,15.181,0.97345
-4.1407,19.443,-9.7513
1.303,10.345,-11.036
-4.668,13.753,7.0317
-2.5827,18.693,7.7567
1.5851,11.309,13.934
1.7648,5.9263,-4.7509
11.528,20.495,6.127
9.7138,0.76494,9.1139
11.475,6.8511,-4.1904
4.5245,20.433,-3.3719
4.4787,7.6657,5.6125
-0.15014,6.4921,7.8716
1.3653,2.5392,-11.035
5.7594,19.231,-1.6799
5.6612,2.845,-10.021
4.8311,6.9745,-3.0598
-1.3197,18.847,-10.794
-9.3557,10.493,0.51423
10.511,12.921,-5.9016
5.0415,12.246,-10.282
10.424,14.663,8.1467
11.225,0.61598,6.7709
-0.061478,11.086,7.8616
3.364,0.67353,-10.785
6.2954,17.37,1.9028
1.4195,7.1397,-4.7945
7.8152,17.781,-8.7408
-9.425,5.1675,-0.0019929
-9.0707,12.211,1.7372
10.354,19.691,8.2506
-5.336,1.0035,-8.9969
-4.6936,1.1335,-9.4303
12.426,0.43298,3.1211
11.883,14.311,-3.1919
-7.6086,12.571,-6.7148
6.361,2.3946,0.98225
5.3762,16.721,4.4418
11.46,12.975,6.2786
1.3302,1.4745,-4.8018
-9.2874,1.4549,0.88662
6.2946,2.8562,0.074782
2.7814,16.567,13.656
4.804,1.9404,-10.371
-9.4291,4.9952,-0.041912
-8.8146,5.1166,2.4631
2.8101,2.2013,-4.4633
1.6013,18.025,-11.024
1.9904,14.662,-4.7089
3.3586,15.409,-4.2102
-9.4291,13.661,-1.9511
4.4459,10.842,-3.4444
12.296,6.8542,-1.7719
12.28,13.897,-1.8407
5.781,2.4689,-9.9658
6.0482,3.1042,-0.96581
-0.72681,0.41506,-10.905
-9.453,20.25,-1.6738
3.4979,20.378,13.435
-1.7956,2.6011,-10.679
11.667,9.8156,-3.7508
-8.1505,13.791,3.7918
-7.0632,6.0939,5.2281
12.455,15.845,-0.94318
3.8934,11.72,-3.8834
5.6726,8.9836,-1.8527
6.3338,5.6111,0.4018
-4.3381,15.828,7.1895
12.546,18.866,-0.23102
11.797,15.297,-3.4237
2.8502,8.5434,-4.4474
-4.9336,19.705,6.8913
-9.3693,5.364,-2.4253
-6.1175,11.196,6.1022
-1.0063,20.05,-10.857
-3.7915,5.6227,-9.9318
2.8358,5.2518,6.9046
-7.0209,19.481,5.2731
0.70662,1.4402,-4.8067
2.0929,6.2874,13.83
6.2878,12.423,0.029734
4.811,4.2693,-3.0819
-2.9602,13.354,7.6709
6.2927,16.766,1.9219
-9.2836,10.536,0.90514
-0.45909,13.667,7.8987
6.0231,16.715,12.284
9.133,4.9008,9.7868
2.4811,12.618,-4.58
7.2536,2.3617,-9.1375
4.124,10.831,5.9613
-6.4971,17.595,5.7823
-8.8877,19.337,-4.3061
6.9874,10.463,11.665
-6.1779,5.8298,6.0537
2.2231,13.703,13.8
2.2354,19.263,7.2152
3.6094,10.707,-10.729
-0.033962,20.458,-10.992
-9.1352,4.1429,-3.5302
3.2971,2.3349,-10.8
-0.014377,6.2444,-10.994
6.354,8.3248,0.68931
5.5305,8.8359,-2.1088
0.12245,6.541,14.128
6.3196,14.571,0.26546
1.5182,1.9293,-4.7846
-8.3835,8.4439,-5.4543
11.685,6.1988,5.7517
0.26051,6.4364,-11.016
6.3446,2.2168,1.4454
-2.6952,12.47,7.7331
-8.4414,5.9373,3.2756
2.4046,3.2597,13.756
6.1576,0.013832,-0.59739
12.497,5.9555,2.6523
-2.2113,11.567,-10.56
-3.2517,18.289,7.5916
6.3424,0.88732,1.4758
-6.8235,18.999,5.4752
-9.1228,2.7505,1.5607
5.3067,17.508,-2.4599
-6.8263,16.81,-7.6708
5.7952,19.275,3.6412
-3.8748,2.8834,7.3822
-7.2409,10.599,-7.1937
4.9243,8.5041,5.0948
2.9302,3.645,6.8493
-4.7422,12.079,-9.3998
4.3153,12.731,5.7793
12.438,4.5034,-1.0525
2.2731,10.919,13.788
6.5397,20.773,-9.5745
-0.78904,10.288,7.9141
-7.1743,14.592,-7.2745
4.868,8.6399,-3.0189
10.241,0.73031,8.414
11.783,6.1495,5.498
12.286,16.83,-1.8163
4.5321,7.2765,5.5556
-6.4975,1.7496,-8.0101
1.0371,10.733,-4.8141
-6.6448,7.7035,5.6472
1.4788,15.529,7.5156
6.2269,11.02,-0.30435
6.3557,16.895,0.72793
-6.5001,17.155,5.7796
4.3452,3.9789,-3.5333
-6.2015,2.5976,-8.2905
-8.8093,17.241,2.4763
3.0714,13.396,-10.845
3.4832,0.33852,-10.759
-2.8122,18.815,-10.355
1.5663,10.823,-4.779
3.2378,11.435,-4.2726
0.99705,12.735,7.6599
-9.3075,15.969,-2.7865
-1.2504,17.962,-10.808
-5.5115,8.0402,6.5418
12.342,1.7776,-1.5614
5.3756,15.411,-10.147
4.0306,6.9718,13.242
-9.2993,17.635,-2.8289
0.59952,7.8062,7.7537
4.7892,17.393,-3.1054
-5.2483,3.7069,-9.0602
10.495,2.7199,-5.9252
-6.535,18.478,5.7483
4.2053,0.92566,-3.6499
4.2568,14.421,5.8364
6.1143,15.409,-0.75349
3.4848,9.1806,6.4836
-7.4846,7.9766,4.7415
-9.3656,20.573,-2.4495
-8.3068,8.3789,3.5244
11.958,9.2439,5.0025
-9.4564,3.293,-1.6246
6.894,6.8467,11.73
-2.8902,6.5953,-10.326
5.3339,18.785,12.661
5.3492,5.1875,4.4856
0.98653,6.5243,-11.041
3.0135,8.5862,6.7988
0.53496,14.868,-11.031
2.9866,3.0164,-10.861
3.2004,18.298,-4.2912
4.798,1.7463,5.2521
5.8504,9.6965,3.5127
0.12096,0.63817,-11.006
12.602,15.817,1.3182
-0.83327,14.701,7.9151
10.604,4.5048,-5.7622
0.90367,14.278,-11.04
0.30205,11.703,-4.7661
-5.9326,17.864,-8.527
-4.0335,11.73,7.3199
9.4965,18.937,9.3764
0.051239,8.8099,-4.723
-8.5087,7.5207,3.1437
-6.5897,10.269,5.6984
-8.4489,5.3752,3.261
9.9111,19.513,-6.7138
0.79213,9.8019,7.711
10.861,5.3342,-5.3537
-8.8233,9.0556,2.4415
1.6699,14.753,-4.7653
6.346,8.4489,0.5521
5.7137,3.8186,-9.9972
-8.8899,17.981,2.2689
6.0987,12.268,-0.80622
-0.5816,7.8452,7.906
-5.5322,4.6556,-8.85
6.3383,4.5989,1.5267
7.3058,10.967,-9.1027
5.2727,9.1019,4.606
9.3785,15.567,9.5134
4.127,1.4794,5.9586
9.5715,17.794,-7.1162
6.3515,14.277,1.3359
3.1074,2.8697,6.7402
4.2174,18.026,-3.6402
-7.6372,4.1965,-6.6749
1.7478,12.754,-11.015
-8.928,11.404,-4.1937
-6.6731,3.4088,5.6206
-2.2427,0.11871,-10.55
-1.9314,16.201,-10.642
1.2905,16.061,-11.037
-3.0716,8.8425,-10.254
6.7289,1.1931,11.842
6.1584,12.301,2.5919
4.4555,3.6573,-10.49
5.5002,15.301,4.2303
5.2679,11.22,-2.5156
-5.5389,5.3144,-8.8449
-7.9841,19.258,4.0551
-8.3607,15.922,3.427
-0.48719,18.628,-10.94
9.92,1.4448,-6.7027
-1.2698,3.8541,7.9119
-0.48054,15.479,-10.941
-6.0763,14.631,6.1347
12.606,16.317,1.0235
12.562,10.54,-0.049314
4.726,8.9354,5.3377
-5.0445,12.836,-9.2021
-7.2858,17.971,-7.1384
-9.0946,14.087,-3.6743
12.151,10.995,4.3668
4.3397,6.2751,5.755
1.105,14.783,7.6306
5.262,8.0138,-2.5239
7.2896,11.921,11.446
-2.1344,18.645,-10.583
-9.0588,17.702,1.7756
-2.7373,18.875,-10.383
-8.9847,19.719,-4.0278
-1.9616,17.124,-10.634
-9.0088,0.028514,-3.9543
5.6433,0.064905,-10.029
-9.421,1.8368,-2.0279
0.83478,5.4753,14.053
5.9758,0.47877,3.1888
4.7955,8.9058,-3.0987
4.9377,7.1624,-2.9392
2.9963,11.368,-4.3859
-5.3041,19.45,6.6746
-7.9008,6.2685,4.1795
-2.4593,7.0998,7.7807
9.4211,18.049,-7.2834
-3.7984,7.15,-9.9284
10.039,2.9005,-6.5521
7.987,10.664,10.889
3.5269,17.99,13.425
6.3368,8.0706,1.5442
5.8159,14.61,-1.5592
3.1046,13.186,-10.839
4.3286,9.4582,-3.5476
-9.3885,9.946,-2.2919
-9.3163,19.944,-2.7395
12.39,1.7534,3.3236
-9.1876,5.8764,1.3205
-4.5202,9.3872,7.1045
0.4956,12.339,-11.029
7.5633,18.43,-8.9249
-9.4426,9.8511,-1.8061
-1.0794,9.1858,7.9162
6.0506,15.67,-0.95849
-7.0475,9.8261,-7.4238
4.4658,18.077,5.6261
2.0875,9.7968,-4.6875
8.743,10.46,-7.9655
5.2751,10.236,4.6024
-7.6051,4.8188,4.5882
2.2146,1.7966,-10.973
-1.9568,1.415,7.8581
7.1134,18.656,-9.229
-4.6101,4.8965,7.0606
1.7533,18.094,-11.015
3.9157,14.946,-10.651
-7.6001,18.329,4.5947
0.89843,19.698,-4.8138
0.18268,2.9335,7.8285
-6.5873,8.2719,5.7006
4.0652,20.592,6.0147
6.302,13.541,1.8559
12.382,18.825,-1.3606
-6.9212,10.127,5.3768
11.395,0.29595,6.42
-4.3559,13.08,7.1814
9.8364,4.853,-6.8055
-4.759,11.076,6.9849
11.997,15.225,-2.8585
8.7547,12.756,-7.9546
-3.3362,12.356,7.5664
6.0314,9.1021,3.0269
11.18,5.1276,-4.7872
6.2809,9.0082,12.13
0.42379,0.21373,7.7881
0.47819,12.785,-11.029
-7.4082,20.117,4.8352
12.568,2.0044,0.019812
9.8176,0.7474,-6.8282
6.2886,18.611,0.034784
12.371,5.1858,3.4238
1.3383,0.18722,13.978
-9.4725,17.113,-1.2957
11.571,2.9505,6.0266
-6.9233,18.477,-7.5645
6.132,2.0029,-0.69147
6.2758,7.4038,2.0302
-5.4665,12.462,6.5714
8.2197,12.289,-8.4227
12.46,14.021,-0.91167
11.156,13.609,-4.8323
1.0732,9.1008,7.6394
-9.2479,2.9349,-3.0754
4.169,15.791,-3.6789
5.0089,5.0775,-2.8546
5.7529,13.66,-1.6934
1.2522,18.005,-11.038
-9.3696,1.7718,0.4262
6.3477,20.414,1.4007
-9.3673,0.66066,0.44124
6.0054,17.543,-1.0904
2.5904,17.55,-4.544
12.56,1.047,2.0758
-8.4112,11.464,-5.4003
8.2973,19.807,10.616
3.1466,6.7509,-10.83
-7.2529,16.936,-7.1791
12.221,12.629,-2.0857
11.811,16.582,5.4243
1.4638,16.783,13.956
0.023225,1.0409,-4.7173
12.284,5.9472,3.8348
-5.1178,13.723,-9.1519
1.3281,10.283,13.98
-9.3579,20.43,-2.4982
-9.0604,15.718,1.7706
11.712,11.925,-3.6416
5.7508,6.2782,3.7396
-9.4053,5.3783,0.16895
10.619,18.618,7.8459
-7.7227,9.3828,-6.5533
12.599,17.136,1.4124
7.3254,2.0651,-9.0895
-7.0541,18.051,-7.4161
5.1273,0.58021,4.821
-0.025949,18.882,-10.993
3.894,18.899,-3.883
-3.9722,11.006,-9.8405
-0.58979,2.5242,-10.926
6.4922,3.7337,-9.6012
11.235,14.828,6.7521
2.3193,17.459,13.777
9.8302,0.73151,-6.8129
-7.3341,15.915,-7.0778
8.4187,20.099,10.504
-7.4147,7.2003,-6.9747
0.77656,13.403,-4.8102
5.3146,7.2031,-2.4485
12.354,4.5459,3.5107
-9.1754,16.51,1.368
12.6,15.185,1.3737
6.1509,5.8556,2.6209
-8.7374,12.231,-4.6923
-3.6182,8.8411,-10.015
1.4889,1.9334,-4.7877
-4.9411,0.50457,-9.2715
-2.1997,10.314,7.8247
2.331,5.8436,-4.625
-9.2815,7.1349,0.91532
6.3341,6.0343,1.5741
5.3839,3.589,-2.3449
6.2089,8.3845,2.3792
5.9837,14.651,-1.1503
6.3501,4.2772,1.3612
2.001,13.993,-4.7067
-3.1269,9.3044,-10.232
3.4358,9.0992,6.5189
-9.148,3.68,-3.4827
2.989,4.0572,-10.86
-9.4161,12.945,0.078451
-9.2117,5.6492,-3.2318
-7.7455,11.753,4.4003
5.4099,19.84,-2.3049
-9.2954,15.004,0.8471
12.533,14.264,2.3499
12.013,20.147,4.8342
4.064,16.282,6.0158
6.1657,12.762,2.5627
-8.213,19.908,-5.7699
-2.6421,1.2525,-10.417
-6.1322,5.643,6.0905
6.2022,20.72,2.409
6.431,16.216,12.036
3.8327,9.9824,-3.925
4.7922,14.299,-3.1022
5.8889,8.7556,-1.3918
6.2812,7.9831,-0.012208
-4.4117,4.4787,-9.5996
-7.7743,8.0417,-6.478
2.4525,0.62302,-4.5889
8.1461,9.9187,10.751
6.3875,7.0008,-9.6588
7.2521,20.493,-9.1385
2.9876,11.664,-4.3898
12.406,17.772,3.2402
7.8354,8.5693,11.017
2.0497,9.7024,13.839
12.437,17.352,3.0609
10.909,20.815,-5.273
-9.475,11.003,-1.201
6.3524,19.434,0.65705
-4.8864,15.519,6.9171
5.6926,11.916,-1.8142
1.4362,20.344,-4.793
7.3601,17.314,11.393
2.2452,20.152,7.2107
2.6149,13.573,7.027
0.029376,7.971,7.8502
-8.6789,10.008,2.7837
-1.8741,19.15,-10.658
1.1659,0.31193,-4.8109
12.606,3.2906,1.0567
-8.4758,9.9029,-5.2711
12.518,11.403,2.4819
-1.0921,1.2535,7.9161
-7.7872,13.819,4.3424
2.5555,18.682,-4.5558
6.3507,2.3023,0.62695
-0.39846,9.1932,-10.952
0.1848,5.8848,7.8282
10.773,20.69,7.5943
5.2276,12.784,-2.5719
1.5282,5.3287,13.945
-9.1139,2.7849,-3.6067
4.2124,11.445,-10.566
0.067713,17.384,14.132
3.0865,17.577,6.7534
-5.9703,17.5,6.2166
-8.5987,4.278,2.9585
9.4555,11.433,-7.2458
12.298,18.374,-1.7655
4.5835,2.541,-3.3155
6.3539,17.983,0.68837
-1.9878,18.895,7.8542
2.6725,4.5752,-4.5152
-9.4269,1.6166,-1.9725
-0.18676,9.9585,7.8755
6.3451,17.536,0.53965
6.1582,9.8573,2.5926
10.323,8.6892,8.2952
0.90986,10.558,-11.04
-8.7275,2.6342,2.6728
9.8044,2.778,9.0003
4.7287,18.28,-3.1696
7.9451,12.662,-8.6418
7.1066,5.5713,-9.2333
-8.3545,18.161,-5.5099
6.3606,1.2203,1.0604
-6.296,9.6128,-8.2034
2.334,15.166,7.1688
5.6975,7.119,-1.8045
6.0965,8.4256,2.8176
10.992,11.067,7.212
3.359,18.779,-4.21
5.2859,16.346,4.5857
2.5324,1.4567,-4.5634
-7.57,5.8545,4.6335
0.60404,7.9668,-4.7997
10.854,18.158,7.4554
6.3053,8.8192,1.8313
4.3103,5.0374,-3.5632
1.8437,12.551,7.3825
-8.2489,10.067,3.626
4.6395,18.869,-3.2605
0.61219,19.629,14.08
0.091686,17.176,7.8418
2.5002,14.887,7.0867
2.924,15.608,-4.417
2.4429,18.894,7.1156
2.1786,1.37,-4.6657
-9.4635,7.0541,-0.48457
9.2614,0.091037,-7.4543
-3.5096,17.39,-10.066
4.1666,10.656,-3.6809
3.7799,7.6894,-3.9601
10.394,4.7594,-6.0716
10.325,11.231,8.2933
-9.2537,6.0792,-3.0491
4.9182,1.4358,-2.9618
12.464,1.7844,-0.88539
-0.35457,1.4351,7.8909
2.7127,8.6061,6.974
8.0123,2.591,-8.5894
0.46783,9.3033,-4.787
2.279,18.878,-4.6395
0.12962,7.4264,-11.007
-5.8347,2.5237,-8.609
-9.3796,11.951,-2.3552
6.4881,18.376,-9.6035
4.247,7.3201,-10.556
10.658,0.88034,-5.6802
3.0788,2.9891,6.7582
2.7128,1.6084,-10.907
-8.5719,15.551,-5.0697
-4.7397,9.587,6.9949
2.9027,14.033,-4.4259
10.583,14.684,-5.795
-0.31615,11.999,7.8877
-5.4948,13.203,-8.8786
7.5629,18.433,-8.9251
4.7588,13.909,-3.1379
5.5269,18.384,-2.115
-8.8329,9.8179,-4.4525
-9.1957,2.9681,1.2885
11.25,1.4308,6.7215
11.606,14.999,-3.897
6.927,6.4677,-9.3462
2.4169,14.094,-4.5999
3.4241,13.701,-4.1747
4.1094,11.152,-3.7255
11.578,15.017,-3.9618
6.9588,10.601,11.685
1.7849,10.248,-11.013
5.6436,10.455,-1.9075
5.8091,19.655,-9.9526
4.9611,8.1749,-2.9117
5.2058,2.46,-2.6016
-2.6031,5.0489,-10.431
0.3326,14.383,7.8043
-1.3142,17.624,-10.795
8.2562,20.373,-8.3925
-7.2287,4.5186,-7.2087
7.4523,15.967,-9.0027
5.5451,12.266,4.1492
6.9847,8.462,-9.3105
3.7917,10.711,13.331
12.243,10.409,4.0115
4.0122,13.679,-3.7986
-2.5066,15.618,7.7718
-2.7167,6.341,7.7284
1.9232,1.8819,-11.002
-6.2436,17.345,-8.252
11.123,8.1813,-4.8929
-2.5991,16.281,7.7534
6.2015,3.7668,2.4123
4.0306,2.2966,-3.785
10.036,19.008,-6.5563
6.2064,18.403,2.3904
-4.1436,20.996,7.2744
-8.7557,18.149,-4.6477
5.72,0.77443,3.8054
-2.4854,11.438,-10.472
-9.1794,20.95,1.3523
6.0837,10.731,-0.85537
10.692,18.344,-5.6268
4.5984,1.4747,-3.301
2.7069,20.738,6.9772
5.4628,19.377,4.2959
-9.3074,11.849,-2.7872
4.2333,9.0607,-3.6272
-5.3546,7.0947,6.6431
4.76,15.135,-3.1366
5.0291,0.28677,-2.8299
10.842,7.8553,-5.3842
2.8612,19.376,6.8899
-5.8297,11.476,-8.6131
4.5416,9.9516,13.033
-7.0685,10.427,5.2224
2.9459,6.4884,-10.868
8.9994,19.968,-7.7206
-7.0774,20.622,5.2128
-1.1442,10.785,-10.83
4.9398,20.844,-2.9368
7.8987,9.5727,10.964
6.3551,8.9469,1.2617
4.2713,4.4775,5.8224
11.553,4.0582,-4.0169
-9.2445,17.488,1.085
9.8251,15.259,-6.8191
-4.7031,11.125,7.0138
3.9262,17.411,6.1362
1.7406,10.749,-4.7547
0.69034,11.591,-11.036
-6.9004,4.479,5.398
-8.0579,12.344,3.9407
-5.3368,2.998,-8.9963
2.7999,1.0967,-4.4673
1.264,14.349,7.5842
10.091,12.78,-6.4855
3.1221,4.6128,-10.835
5.452,8.5319,-2.2383
5.5908,13.228,-2.0038
4.2685,11.661,-3.5982
0.35244,2.6792,-4.7731
-6.5139,3.5532,5.7672
-1.1366,0.020988,-10.832
5.8286,8.7814,-9.9434
-9.3015,10.258,-2.8177
4.9061,3.3572,-2.9757
-3.4456,14.004,-10.095
5.4866,0.37633,-2.1823
5.7022,2.5132,-1.7953
4.5198,19.995,-3.3762
5.8885,20.493,-1.3926
6.2974,0.64921,0.094058
6.3086,10.372,1.8059
1.1469,18.117,7.6187
1.2207,5.1004,7.5972
5.9996,17.52,3.1211
4.9558,17.085,5.0541
11.111,13.208,6.9913
3.8303,0.047002,-10.674
-8.6085,7.9742,-4.9899
6.3604,18.993,1.0751
6.1067,14.287,2.7825
3.6245,7.9553,-4.0585
9.6731,13.271,9.1641
4.1915,5.1087,-10.572
-8.5269,12,-5.1653
1.4297,20.616,7.5319
6.2788,17.843,-0.027405
-4.2779,5.9523,-9.6758
1.5912,14.332,13.933
6.3147,7.5206,0.22419
4.666,20.725,5.4071
-4.7595,1.7637,6.9847
3.4742,5.2564,-4.1467
1.825,17.038,-11.01
-5.1526,1.7729,6.7663
2.251,11.156,13.793
-5.1384,16.813,6.7747
-4.4365,15.515,-9.5851
6.1259,2.9749,-0.71316
-3.6317,9.1958,7.4705
6.2226,7.358,-0.32477
9.0004,10.048,-7.7195
12.112,12.335,4.5044
-1.3123,3.0619,7.9103
1.9766,19.012,-10.997
2.7017,13.444,6.98
-9.3115,3.4217,-2.7652
12.557,11.884,-0.10769
-6.276,19.564,-8.222
-0.14675,16.445,7.8713
2.3799,14.399,7.1467
-8.0966,9.7906,3.8793
-6.4854,5.4667,5.7927
-1.9857,11.955,7.8545
-8.5053,5.2242,-5.2105
7.679,6.7053,-8.8416
-6.5888,19.127,5.6992
-6.8882,18.59,5.4104
5.4383,16.686,-2.2603
1.1282,19.442,-4.8122
2.9457,3.7556,6.84
1.144,10.868,7.6195
-1.3265,13.167,-10.792
5.4214,19.177,12.616
7.7042,13.943,11.124
-8.326,8.173,3.4899
5.3572,15.54,4.4727
9.451,17.17,-7.2507
9.097,12.607,-7.6233
7.5082,1.7849,-8.9638
7.7809,19.37,-8.7664
4.8,1.1256,-3.0938
1.558,11.068,-11.026
-8.5397,2.4959,3.0811
6.1043,7.983,2.7907
4.5169,17.069,-3.379
12.422,5.126,-1.1457
6.3422,18.573,0.49972
6.2513,14.966,-0.1825
-0.070371,7.9411,-10.989
11.025,5.2273,7.1518
-9.4644,5.3099,-1.4891
3.7762,16.112,-10.688
6.1132,1.0471,-0.75724
5.8181,14.391,12.402
-9.0908,13.026,-3.6872
1.3659,15.68,-11.035
1.7083,20.522,-4.7597
12.021,8.0622,-2.7819
8.2122,5.4643,-8.4288
5.2932,18.427,-2.4794
-9.3929,16.928,-2.2593
0.54969,9.6835,7.7639
-8.9325,1.9102,-4.181
-4.907,11.85,6.9059
-6.0074,3.935,6.1882
6.3595,11.165,0.84835
4.7722,7.4557,5.2831
0.9436,6.6105,-4.8143
8.8409,15.262,10.093
-1.3255,10.831,-10.792
8.0102,16.604,10.869
6.2507,4.2943,-0.18588
9.067,14.24,9.8578
11.4,1.1022,-4.3498
-7.5706,16.825,-6.7672
-7.482,14.25,4.7447
4.674,19.866,5.398
8.495,1.9227,-8.1889
5.728,19.077,3.7886
3.0241,10.709,-4.3737
9.7068,12.913,-6.9602
0.4717,6.6375,-11.028
5.0593,1.6272,-10.275
-2.4738,17.863,-10.476
-6.2608,3.0351,5.9858
-4.3253,7.7802,7.1953
12.242,13.07,-2.0012
1.1506,20.949,7.6177
12.195,10.864,-2.183
11.107,20.801,-4.9222
12.542,4.7572,2.2618
-9.4645,8.3581,-0.50327
-3.0834,14.628,-10.25
6.1051,1.3575,12.236
-7.6845,15.701,4.4832
2.8289,8.8284,-4.4559
12.248,17.038,3.9902
-3.4987,7.9717,-10.071
-1.6397,6.7004,7.8903
0.39843,20.707,14.103
5.8471,15.082,3.5206
-1.4509,8.6769,-10.764
-5.7185,2.0712,-8.7038
-4.0684,15.426,7.3057
5.8921,13.383,-1.384
1.1615,1.5507,-4.8111
-6.3903,2.5307,5.8761
6.3607,20.614,1.0546
6.1081,10.433,-9.8059
-2.805,0.47069,7.7085
12.606,1.1305,0.97937
6.9166,2.9583,-9.3527
-7.9158,18.763,-6.2636
6.3498,9.7822,0.61161
5.3697,11.778,12.642
4.3133,10.384,5.7812
8.76,1.4235,10.175
5.8571,18.851,3.4965
-3.0474,6.0599,7.6484
4.066,5.65,-3.7585
-2.6608,12.478,-10.411
6.3593,9.9935,0.84096
2.1162,7.7345,-4.6808
5.8533,13.768,-9.9316
-1.0586,19.702,7.9164
-0.62336,13.029,-10.921
-3.8193,5.9396,7.4031
-3.8479,4.3088,-9.9037
0.99623,9.2218,-4.8144
9.9248,0.57225,8.8451
11.677,18.4,-3.7263
7.9715,12.812,-8.6212
12.152,4.2754,-2.3443
-3.7776,10.918,7.4186
-4.7263,1.1303,-9.4098
-7.6769,18.106,-6.6189
-9.3212,9.3016,-2.713
3.8127,11.508,6.2309
5.0532,11.904,4.9242
-8.0534,14.288,3.9479
5.7543,7.799,3.7319
11.841,1.6428,-3.3056
1.8291,9.5834,13.886
1.3932,1.0047,-4.7968
-9.2147,15.503,-3.2195
4.0481,0.79803,-3.772
11.744,20.039,-3.5615
1.4334,15.59,13.961
3.1521,19.686,-4.3146
7.3339,10.781,11.413
0.83259,5.059,-4.8122
1.7979,5.4593,-11.012
10.801,15.938,-5.4518
-9.2464,20.86,-3.082
11.518,7.4908,6.1487
10.739,15.81,7.6497
-3.9741,2.311,-9.8394
5.7917,12.538,-1.6117
5.9946,9.0425,3.1356
6.3608,15.345,0.93431
1.961,5.4847,-4.715
4.8377,1.991,-3.0526
-4.7967,9.4702,-9.3653
7.3069,13.442,11.433
-1.5926,2.7728,7.894
-5.7138,9.5093,6.404
2.056,13.696,13.838
6.6856,17.367,11.871
1.0413,6.4696,-11.041
1.5433,8.4496,13.942
9.6702,18.569,-7.0029
-0.25012,14.712,7.8817
-0.44229,5.0793,-10.946
5.2244,15.956,4.6793
2.6166,6.1094,7.0261
1.4126,5.8262,-11.033
-9.3555,0.12826,-2.5133
-5.7778,7.8689,6.3586
-5.8974,9.1756,-8.5567
8.3746,6.3903,-8.2929
-7.2074,6.1081,-7.2346
-8.7552,5.0928,-4.6489
-7.2051,19.67,-7.2374
-9.4771,18.064,-1.0601
3.8554,8.3418,-3.9096
5.4965,10.068,-10.095
0.51073,11.865,14.092
-1.5986,10.282,7.8936
3.7103,5.666,13.361
-0.9836,20.785,7.9167
11.459,3.8572,6.2822
-8.1899,18.095,3.7263
-5.8987,0.68528,6.2704
5.996,6.9711,3.1314
5.4616,15.724,-2.2229
1.7391,13.532,7.4228
6.1401,3.554,-9.7895
10.749,19.996,-5.5359
2.8447,11.409,-10.886
0.44325,5.2797,-4.7843
12.605,12.15,1.1771
8.9595,19.225,9.9713
9.9673,18.808,-6.6435
2.0014,10.133,-4.7066
-3.3955,9.2975,7.5481
3.946,6.5469,-10.643
6.4693,1.1616,-9.6139
5.8444,15.83,3.5269
4.1273,2.7709,5.9583
0.66276,7.4744,-11.036
-9.0061,8.3133,1.9397
-4.171,18.596,-9.7349
5.4932,0.44603,4.2426
6.3508,17.726,0.62794
12.524,6.0495,-0.43572
9.6769,5.2572,-6.9952
7.8282,10.256,11.023
4.8724,15.31,-3.0139
6.3608,4.2549,0.93961
4.5395,4.5418,-3.3577
-9.2849,20.503,0.89854
6.3298,12.458,1.6196
10.935,6.3925,7.3151
4.5393,20.322,-3.3579
2.0737,18.815,-4.6907
-8.5469,3.9905,-5.1232
10.075,0.037786,-6.506
1.5325,14.947,7.4973
6.3562,18.222,0.74112
-0.41879,2.4845,7.8959
6.1388,0.81948,2.6665
-9.4769,12.562,-0.90958
10.237,12.691,8.4197
-3.7055,10.845,-9.9738
4.6343,0.15766,-3.2657
-4.332,14.468,7.1922
2.5734,19.866,-4.5498
-9.4362,18.344,-0.1141
-7.025,2.3788,5.2688
0.3245,7.446,14.11
12.103,5.0807,-2.5141
-9.2047,11.767,1.2524
11.022,12.867,7.1582
5.7839,6.317,-1.6285
-4.2702,16.761,7.2198
8.5074,16.708,10.421
9.3727,16.403,9.52
4.8934,7.3731,-10.338
-4.6366,1.1402,-9.4655
-0.74457,14.883,7.9128
7.6747,20.851,11.148
5.4353,3.412,-2.265
6.5719,2.3849,-9.5564
-2.0436,19.17,-10.61
12.565,10.115,-0.021475
-4.8647,17.888,6.9289
8.3153,17.008,-8.3432
12.582,3.922,0.22381
0.79295,5.1912,7.7108
-8.7384,1.138,-4.6897
2.7245,12.788,13.672
-8.8407,16.322,-4.4322
0.2146,10.732,7.8236
-4.5398,0.58275,-9.5241
-2.0643,20.798,7.8442
8.8715,10.52,-7.8446
-5.9297,6.9719,6.2472
-9.3283,3.6515,0.67417
2.945,13.138,-10.868
3.5278,12.078,13.424
0.40997,15.771,7.7906
12.597,3.2239,0.53101
7.3649,7.4925,-9.0628
5.7369,3.023,12.447
1.4857,17.863,-4.7881
-1.7767,7.0953,7.8779
-0.41432,5.7791,-10.95
3.4567,0.12623,6.504
5.6794,16.84,3.8897
4.6445,10.446,-10.427
-4.0954,11.295,-9.7757
-6.7531,18.289,-7.7491
-0.64167,15.18,-10.918
2.2363,14.03,-4.6509
-1.1608,3.7554,7.9149
-8.0397,11.56,3.9693
5.3422,20.157,4.4968
5.0423,12.516,-10.282
12.486,16.98,2.7313
3.4563,20.675,6.5042
6.6162,18.604,-9.531
5.7891,4.4906,-1.6172
12.592,0.72723,0.40238
5.8094,9.4736,-1.5735
-6.9114,0.28969,-7.5777
-2.4853,9.9479,7.7758
11.932,19.975,-3.0524
-9.4544,5.228,-0.33703
-9.2819,8.1149,0.91321
11.892,9.0601,5.1972
-1.4924,17.449,7.901
-7.9516,17.318,4.1042
4.6483,9.513,12.987
1.984,7.9918,-4.7103
3.4999,19.443,13.434
6.3496,15.558,1.3695
0.047029,15.49,-11
-7.0253,19.885,-7.4492
0.88065,10.712,-11.04
-2.0937,16.629,7.8402
-4.4705,9.4956,-9.5653
12.088,17.833,-2.5647
0.88336,8.199,-4.8135
3.9109,15.506,-3.8713
3.2701,20.505,13.51
-1.5611,10.989,-10.738
5.6545,9.0282,3.94
-5.229,4.3503,6.7206
5.351,6.7914,-2.3946
4.1585,2.3283,5.9295
4.6636,7.8794,5.4099
0.12322,6.928,7.8373
6.0904,7.1842,-0.83359
-1.1018,17.159,7.916
5.3397,11.165,-2.4115
11.577,10.944,6.0121
4.3472,16.261,-3.5316
8.2566,2.5255,10.653
-4.9168,13.134,6.9006
2.2289,7.2796,-4.6528
-0.67561,7.027,7.9104
7.0787,12.067,-9.2512
11.401,18.143,-4.3473
-8.9791,4.1698,-4.0446
2.049,14.121,-10.991
11.07,18.938,7.0692
2.5817,4.1823,-4.547
2.0907,6.264,7.2801
2.1709,10.427,-4.6676
6.3146,18.688,1.758
5.5558,10.53,-10.069
5.7132,5.8169,-9.9974
11.862,11.213,5.284
-7.2746,12.059,-7.1522
3.3239,8.6689,-4.2286
8.9232,0.31004,10.009
11.669,14.758,-3.7463
3.1993,10.642,6.6808
-9.0151,8.0066,-3.9345
2.0009,1.3636,13.85
5.1063,7.5302,-10.257
12.602,4.9193,0.67004
-7.1124,4.2736,5.1749
-8.7996,17.089,2.5004
-8.4045,8.2621,-5.4133
4.1255,1.1251,5.96
8.2465,7.8761,-8.4005
-9.4551,16.275,-0.3466
-2.011,3.4713,-10.62
1.8182,19.157,7.3925
5.8123,6.7033,-1.567
-8.952,6.9254,2.0981
-2.2034,4.2889,7.8242
11.054,16.112,-5.0188
10.59,1.4694,-5.7836
0.19155,19.951,-11.011
5.6814,3.3224,-1.8359
0.99178,6.0154,-4.8145
-8.4418,14.43,-5.3396
2.2768,2.9641,7.1959
7.3327,10.754,11.414
2.4985,15.148,13.732
3.1595,19.506,6.7068
11.689,15.374,-3.6983
10.921,15.747,7.3389
-6.2734,8.5537,-8.2244
11.584,5.0293,5.9966
6.8824,10.938,11.738
-8.8457,4.6006,-4.419
6.3611,17.69,-9.6732
-7.6065,13.922,-6.7177
1.1959,17.141,-4.8096
-7.8119,16.671,4.3076
-2.0609,9.8512,-10.605
-9.4331,6.5,-1.9105
-2.9528,14.439,7.6728
7.5638,20.724,11.236
12.523,16.169,-0.44874
12.575,17.421,1.8807
-2.9696,14.828,7.6685
-6.5785,12.502,-7.9294
12.062,15.81,4.6734
7.9239,10.431,10.943
0.18657,18.168,-11.011
6.1909,1.4286,2.4586
-1.3104,20.339,-10.796
3.3862,2.0739,-4.1954
-5.451,11.487,6.5815
0.027455,8.4624,-10.998
7.902,2.2478,10.961
12.082,15.207,-2.5872
-9.1809,12.887,1.3465
8.8908,16.442,-7.826
-6.1334,11.899,6.0895
3.6452,17.038,13.384
1.586,12.112,13.934
12.318,19.825,3.6816
-4.1884,18.3,7.2554
-8.192,10.66,3.7228
5.1291,16.565,4.8184
10.842,9.9336,-5.3847
11.64,17.405,5.8625
9.6801,6.7721,9.1554
-8.5067,20.499,-5.2076
-6.1765,5.8424,-8.3132
6.0298,1.5294,-1.0206
10.693,15.776,7.7252
-7.996,17.455,4.0369
6.2064,19.369,2.3903
10.698,6.8675,7.7186
9.3509,16.885,-7.3594
11.656,11.303,5.8225
3.2578,9.7292,6.6421
0.68313,17.236,-11.036
-0.24682,19.99,-10.97
5.3757,1.6017,-2.3575
-5.4912,14.882,6.5553
3.801,4.9335,6.2405
5.2061,8.3768,-10.217
3.3487,5.6306,6.5801
10.916,17.483,7.3483
12.477,20.903,-0.79537
-4.2718,13.645,7.2191
-9.4032,14.783,0.18587
2.9515,19.578,-10.867
12.576,14.441,0.12275
-5.3549,11.935,-8.983
-7.7185,7.9978,-6.5593
0.53456,13.326,7.7669
-8.2645,7.6278,3.5988
4.9159,8.56,-10.33
11.565,7.7427,6.0407
5.6243,9.8364,-10.038
0.85304,10.572,-4.8128
0.84544,19.121,-11.04
-7.4009,4.3351,4.844
-7.3639,7.1107,4.8883
5.1908,12.057,-2.6221
12.2,10.226,-2.1669
0.62051,5.5066,7.7493
5.1467,12.171,4.7932
-0.70122,18.445,7.9114
-3.208,1.28,7.6042
-8.9293,9.2584,-4.1902
-8.3519,1.7694,-5.5148
-4.6899,11.828,7.0205
-4.854,11.326,6.9347
-9.4694,16.129,-1.3812
-0.93821,4.8949,-10.869
6.1028,12.335,12.237
5.7721,9.6385,-9.9701
-4.9914,18.081,6.8592
12.551,13.878,-0.17296
5.7031,7.4315,-1.7935
2.85,7.2909,-4.4475
3.927,5.3281,-3.8599
6.255,20.003,-0.16324
0.6664,6.2622,7.7395
2.2177,3.3265,7.2233
0.52984,7.5872,-4.7933
-9.1158,15.574,-3.5998
4.3915,14.824,-3.493
5.9837,14.719,-1.1503
-3.5031,0.13074,-10.069
12.429,7.8613,3.1065
3.3426,18.931,13.486
-7.9254,6.6852,-6.2485
0.41873,12.539,14.101
-8.6918,6.2537,-4.8006
-9.4691,2.6253,-1.3894
0.19561,8.1555,7.8266
-6.9258,17.171,5.372
-9.3197,20.605,0.72114
3.34,18.102,-4.2201
11.397,1.7602,6.4165
3.0449,7.092,-4.3644
-7.275,4.9587,4.9925
12.478,6.6739,-0.78945
-4.5977,20.673,7.0667
-5.0434,11.513,-9.2029
12.309,15.734,-1.7155
11.474,17.679,6.2475
8.1547,3.5047,10.744
6.343,18.965,1.4672
4.6304,2.2076,5.4474
10.812,15.647,7.5279
-6.5663,15.317,-7.9417
-9.4548,15.067,-0.34234
-5.0979,2.8021,-9.1656
12.329,9.3616,-1.6257
-9.2894,10.685,-2.8791
6.2519,11.14,2.1674
-8.1547,18.054,3.7849
-6.8033,14.232,5.4951
4.3457,16.923,13.116
-4.4897,11.156,-9.5539
3.0128,20.074,-10.856
5.5557,1.4002,-10.069
-1.0174,11.372,7.9167
-9.4623,5.9149,-1.5283
-8.5709,10.099,-5.0719
6.1589,14.382,-0.59223
-8.3459,4.3734,-5.5262
2.9513,12.771,-10.867
-6.7168,6.8497,5.5791
12.589,18.498,0.34858
6.6482,2.8013,-9.5126
-2.0181,2.1506,7.8504
-8.1688,20.141,3.7616
-4.0055,3.2109,7.3312
10.283,3.2033,-6.2277
6.9205,3.2666,-9.3503
-6.9419,1.881,5.3556
2.841,9.5429,-10.886
6.7247,14.047,11.845
10.831,17.457,-5.4033
4.0735,16.595,-10.607
4.9247,14.967,-2.9543
-4.2648,9.9245,7.2222
-6.7333,14.88,-7.77
-8.3874,20.119,3.3776
2.3696,10.621,-4.6139
5.7275,6.4061,3.7897
12.574,16.586,0.10141
0.71398,4.9641,-4.8071
12.33,4.9204,3.6297
3.6566,9.7587,-4.0388
0.2467,13.007,-11.015
-9.4268,12.922,-0.018775
5.9905,2.5751,3.1473
-7.8852,2.5997,-6.311
5.3563,5.9736,-2.3868
0.46795,15.45,-11.028
-6.1241,8.6375,-8.3603
2.6379,17.409,-4.5275
2.6553,19.637,-4.5213
6.0949,8.3804,-0.81862
0.90048,1.0964,-4.8138
-7.2194,11.995,5.0561
12.555,15.701,-0.13157
-4.7169,6.7251,-9.4157
-9.442,10.352,-1.8131
12.326,4.6547,3.6484
4.4844,19.725,-3.4092
10.114,10.128,8.5918
4.877,11.34,-3.0087
-9.4623,4.6422,-1.5289
5.9134,2.0148,-1.3322
-8.4616,1.2635,-5.2998
0.2052,17.21,-4.7511
9.6592,16.201,-7.0157
12.578,4.1096,1.8356
9.4284,18.797,9.4559
1.7169,14.37,13.909
-9.4621,13.794,-0.45812
4.0057,20.798,6.0675
4.604,0.70753,-3.2955
-9.4728,8.9093,-0.70202
-7.078,10.29,-7.3884
9.374,12.254,-7.3346
3.8715,1.7487,-3.8986
-0.52297,13.863,-10.935
-9.4623,1.0984,-1.5273
6.3191,11.693,0.26108
7.4197,14.953,11.348
-6.7615,10.246,-7.7402
-7.5135,12.97,4.7054
7.0731,4.4893,11.604
-1.1022,13.559,-10.838
-8.0673,7.9935,3.9259
12.604,2.178,0.75688
-9.2758,7.9277,-2.9454
-8.679,5.5201,-4.8305
1.4008,5.067,-11.033
-2.5639,13.081,7.7605
5.3982,10.981,4.4054
-7.4828,8.678,-6.8853
12.244,4.5736,4.0064
-5.4544,18.03,6.5793
5.0406,18.081,-2.8157
-7.6785,5.9627,4.4912
2.318,12.923,7.1765
-5.0829,16.369,6.807
12.567,20.052,0.0035804
-5.2385,19.312,6.7148
-4.2827,8.0811,7.2143
-2.05,3.4155,7.8462
5.8483,16.732,-1.4866
4.5598,2.3902,5.5256
4.0369,3.3353,-3.7803
-6.8906,7.4724,5.4079
4.6888,17.803,5.381
2.4869,12.238,7.0935
-6.6206,12.31,5.6698
5.2618,19.443,-2.5242
-9.3682,12.077,0.43587
4.1598,0.20953,-10.582
5.2463,16.997,4.6464
10.88,12.785,-5.3211
3.4785,10.078,-4.1443
-4.551,5.6372,7.0897
0.15174,5.42,-4.742
5.9311,10.101,3.3101
0.057911,4.7742,-4.7243
6.3497,1.0206,1.3679
5.8987,3.5541,-1.3682
4.1768,5.4274,5.9124
6.3416,4.1561,0.4926
5.8105,12.72,-1.571
-6.1752,17.298,-8.3144
10.605,17.023,7.8676
7.3358,16.847,11.411
5.9193,14.87,3.3408
-9.1382,18.047,1.5059
-3.2321,16.403,7.5973
-9.4076,4.2797,-2.1445
4.3352,20.86,5.7595
3.2172,1.9661,-4.2829
-7.2828,13.663,4.9835
6.3364,4.5187,0.42982
1.2078,5.1213,-4.8091
5.6797,7.1334,12.478
-6.9603,4.1551,5.3366
4.8822,10.644,12.881
9.3377,19.966,-7.3735
0.33091,8.2868,-4.7702
1.3979,12.274,-11.033
4.1126,12.737,-10.596
-2.1758,15.008,-10.571
-8.7367,8.4323,-4.6939
5.988,18.033,3.1543
10.066,19.33,-6.5175
5.7457,15.768,3.7506
-2.8431,5.9974,7.6996
11.225,16.733,6.7716
12.483,2.9981,2.7546
-5.1557,10.596,6.7644
1.1089,12.824,7.6295
-5.434,14.78,-8.9244
9.9534,8.0501,8.8077
10.036,15.302,8.6975
-6.6869,18.633,-7.8185
0.056347,1.1728,7.8466
12.532,2.9025,2.3577
-7.6049,18.124,4.5885
10.38,8.8567,8.2126
1.5459,8.6376,-4.7814
-9.2795,20.142,-2.9277
5.1888,15.755,-10.224
6.3569,20.601,0.76061
-0.23771,4.9038,7.8806
6.3545,2.0208,1.2772
0.83115,8.0762,7.7018
-5.2543,10.506,6.7052
-8.8652,11.975,-4.3672
2.293,20.509,-4.6356
-8.7215,10.35,-4.7305
3.8266,8.4185,6.2195
5.3211,20.895,4.5304
5.262,5.481,4.6225
6.1225,13.972,-0.72507
5.4811,20.249,12.585
7.7111,14.094,11.118
12.311,6.2827,-1.707
6.349,11.154,-9.6797
6.3457,0.030727,0.5483
-2.044,18.56,7.847
6.3511,8.4921,1.3438
0.053351,6.3253,-4.7234
1.2214,19.962,7.597
3.4549,9.6736,-10.765
-4.0349,6.0406,-9.8077
-9.0321,1.7772,-3.8811
-7.4291,12.226,4.8098
3.1116,3.2144,6.7375
-9.4393,1.535,-0.14761
9.2707,12.192,-7.4445
9.3372,6.0273,-7.374
-7.6458,7.6003,-6.6629
8.1297,15.221,-8.496
-2.1361,18.025,-10.583
5.3881,7.3062,-2.3385
-9.4581,20.197,-0.39225
-1.0452,20.025,7.9166
4.2601,4.3268,-3.6052
6.0101,16.133,-1.0772
6.2922,12.926,1.9251
0.58322,19.297,-11.033
-7.0129,12.653,5.2815
2.9094,14.745,-10.875
4.7109,15.617,5.3554
0.44125,8.0871,-4.7841
-9.2822,5.2816,-2.9147
3.5756,0.77195,6.4166
6.6156,9.9146,11.917
10.231,13.547,8.4278
-4.4646,5.8584,7.1311
1.1482,10.875,-4.8115
0.49619,5.159,-11.029
12.594,6.2477,0.45568
3.6806,13.66,13.371
2.6833,18.719,-4.5113
-7.9928,18.083,4.0418
-7.2724,4.4082,-7.155
2.0926,8.381,-10.986
5.4828,18.646,-10.101
-1.6915,5.3871,-10.706
6.2188,20.303,-9.7488
-3.0689,13.002,7.6427
-7.326,3.4723,-7.0881
5.1602,17.35,-2.6629
2.7174,13.77,-4.4988
2.6436,11.476,13.694
3.2652,5.2779,6.6371
-6.4544,0.84328,-8.0524
4.811,4.9009,12.913
6.3587,7.5834,1.1579
6.331,13.303,1.6069
-0.62068,20.708,7.908
7.9827,4.3503,10.893
-4.3184,15.899,7.1983
3.9115,18.613,6.1487
6.0854,9.9168,-0.84968
-4.7815,3.3372,6.9731
-3.1349,17.029,7.6247
5.6173,10.007,-1.9559
-7.2119,2.442,5.0645
4.2339,18.39,-3.6267
-4.9483,13.339,-9.2667
0.49744,2.0429,-4.7901
-7.7984,19.077,-6.4423
11.143,0.73534,-4.8559
5.5279,0.83474,4.1804
-7.8839,20.76,4.2042
-8.0008,14.41,-6.1289
2.8939,7.9105,-4.4296
-9.3841,10.591,0.32835
-2.4493,16.033,-10.484
5.9174,1.0264,3.3457
12.594,15.244,0.44209
3.733,14.728,13.353
12.594,9.6367,1.5555
-9.4662,12.228,-0.53582
3.6044,7.1209,6.3949
8.0388,3.5831,-8.5685
5.4773,8.3831,4.2705
5.3742,19.315,12.64
-4.472,4.747,-9.5643
-6.0744,7.5811,-8.4043
6.3292,6.8158,0.35457
4.1855,1.7552,-3.6658
4.7776,10.766,5.2766
12.444,17.49,3.0169
9.8868,18.997,8.8947
3.4567,15.196,-10.765
6.0502,8.0429,-9.8351
5.6936,6.2584,3.8605
-7.6459,14.526,-6.6627
12.071,18.49,-2.6232
-5.2534,19.416,6.7058
1.5255,1.7063,13.945
4.171,10.136,-3.6773
0.90161,2.6936,7.6845
-9.4773,5.3111,-1.023
2.8565,18.563,-4.4448
6.0996,4.1218,-9.8102
-8.5764,2.5484,-5.06
-9.3324,11.418,-2.6504
12.529,6.607,-0.3958
12.44,8.0229,3.0394
11.105,16.622,-4.9267
1.122,17.623,7.6258
-8.0792,14.285,3.907
8.5186,8.7554,-8.1682
4.9436,13.501,-2.9323
4.9393,4.4957,-2.9373
4.085,12.963,5.9968
-9.3978,14.179,-2.2223
3.538,12.621,13.421
4.5709,7.2725,-10.452
1.538,7.6524,7.4954
2.8682,3.6011,6.8859
12.563,16.703,2.0332
9.842,10.346,8.9523
-2.7412,7.4471,-10.382
4.7729,16.276,5.2823
4.1152,4.9729,-3.721
12.599,17.742,0.58491
-7.1339,17.147,-7.3227
6.4119,17.771,12.048
2.8764,7.7739,-4.4368
-7.1387,8.0478,-7.317
3.2485,18.088,6.6482
12.496,9.7421,-0.66028
6.3421,11.982,1.4797
-7.6116,14.601,4.5796
-4.517,20.179,7.1061
12.477,11.473,-0.79595
1.0651,13.368,-11.04
6.1788,11.989,2.5096
1.1029,19.469,7.6312
5.6894,18.139,-1.8203
0.49891,3.5666,-11.029
-7.9176,3.7527,-6.2608
6.3097,5.1136,0.18443
6.0063,15.787,-1.0878
-8.9665,4.1818,2.0564
10.11,20.642,8.5969
-8.7415,14.902,-4.6822
1.5344,3.6842,-4.7827
2.5376,18.024,-4.5617
11.866,19.098,-3.2385
-8.0413,20.195,3.9668
-3.7286,11.983,7.4364
11.139,11.82,-4.8646
-2.3428,3.7099,7.8015
-9.2809,10.787,-2.9207
4.6984,11.518,-10.408
12.1,3.4708,4.5473
0.34171,10.372,7.8027
-1.6838,11.237,-10.708
3.2658,4.175,13.511
3.5629,13.087,-4.0954
-6.9883,0.55262,-7.4915
-5.9288,6.6946,6.2479
1.7241,11.193,7.4285
4.3854,6.8622,5.7091
9.0525,12.646,-7.6679
0.63517,7.6006,14.078
6.3573,2.8333,1.2068
10.643,19.19,-5.7024
6.3121,13.452,1.7779
1.012,13.834,14.029
11.751,14.182,-3.5431
-6.5822,15.636,5.7052
6.407,17.686,-9.6482
-9.4081,10.85,0.146
12.014,3.1892,-2.8057
-1.7492,7.9939,7.8806
3.4403,17.241,-4.1658
-6.7275,3.5987,-7.7761
9.9539,6.9295,8.8069
6.3265,20.296,1.6519
-7.0618,16.932,5.2296
8.2586,4.6659,-8.3905
1.8343,20.995,-4.7391
6.6054,1.3385,11.924
9.434,8.9351,-7.2694
-8.4846,8.4911,-5.2531
6.3608,8.4062,1.0388
-9.4037,2.3504,0.18181
-9.4576,8.9105,-1.6059
0.76374,12.884,14.062
12.507,20.749,2.5719
4.7822,4.6179,12.927
1.2825,7.4357,-11.037
-5.2297,5.5911,6.7201
7.7788,6.1215,11.063
-9.0594,3.9562,1.7738
5.6381,0.48005,3.9724
-4.7233,9.4375,7.0034
4.0224,5.1164,-10.621
-8.4954,18.243,-5.2309
8.8813,11.101,-7.8352
0.60011,19.197,14.082
4.7789,20.453,12.928
-9.2273,12.294,-3.1657
4.6077,2.4985,13.004
5.1437,19.457,-2.6847
2.4225,12.465,-4.5982
2.0452,18.556,7.2997
-7.4087,8.914,-6.9825
-9.3058,12.752,-2.7955
10.595,1.486,7.8835
-9.0994,19.42,-3.6574
-7.0398,13.484,5.2531
-9.043,2.1945,-3.846
4.7756,14.705,-10.381
0.76213,8.3119,-4.8095
11.693,1.783,-3.6875
5.8992,4.5041,-1.3668
-9.0328,5.2248,1.8581
4.7086,4.7597,5.358
-2.7085,14.763,7.7302
-0.50566,15.837,-10.938
6.3085,11.493,0.17497
3.6095,11.623,6.391
6.2917,13.242,1.9283
6.3175,20.695,1.7329
0.47663,13.32,7.7782
11.754,12.61,5.5766
-8.8151,19.093,2.462
-5.2621,11.988,6.7005
6.3568,7.0438,0.75631
3.9969,20.1,13.255
-5.5005,9.2384,6.5491
12.602,12.632,1.3296
-4.8902,15.126,-9.3049
-3.2772,14.254,7.5841
11.887,4.4679,5.2126
10.867,1.7141,-5.3425
-8.6029,5.7641,2.9496
12.178,18.218,-2.2467
10.775,11.746,7.5898
-6.8814,9.7572,5.4173
-0.073819,9.0363,7.863
-6.3363,16.254,-8.1656
10.542,13.732,7.9659
3.7101,13.812,-10.704
-3.3406,3.3814,7.5651
6.9845,9.0799,-9.3106
5.7451,10.607,12.442
-9.039,7.882,-3.859
-9.1108,10.088,-3.6177
1.5895,7.1908,7.4775
3.349,16.32,-4.2153
6.3607,8.0628,0.92446
4.2946,14.943,-3.5764
-8.5483,10.1,3.0634
0.42168,15.313,-4.7818
9.5749,19.689,9.2832
-2.408,10.862,-10.497
0.063202,18.964,-4.7253
1.412,4.582,-4.7952
6.1656,18.338,2.5632
-8.2018,1.7366,3.7064
5.5089,9.7735,-2.1452
0.39028,0.46053,-4.778
6.2348,16.974,-9.7404
-1.5667,3.7634,7.8959
10.6,3.4732,-5.7693
-7.3008,3.8137,4.9626
-7.2953,14.52,4.9691
2.3157,4.489,-4.6293
2.3357,6.2602,-4.6237
4.2168,16.135,-3.6406
-6.5197,10.524,-7.9882
5.3359,19.099,4.5069
12.606,1.2149,0.95654
12.469,9.1718,2.8546
4.6385,12.017,12.991
-9.2692,11.866,0.97327
5.9395,17.3,3.2879
5.7947,2.6481,3.6424
-9.19,6.3025,-3.3205
9.3143,0.044563,-7.3985
-1.0684,19.973,7.9164
-8.4614,16.092,3.237
-2.7366,15.777,-10.383
9.3858,2.9162,9.505
6.228,7.3357,-0.29924
5.1019,3.1782,-10.258
-7.5509,10.431,-6.7939
-7.1145,16.982,5.1725
11.573,13.29,6.0223
-4.4911,14.456,7.1185
6.3562,13.431,0.74067
-3.3007,15.316,-10.159
-4.1459,18.057,-9.7485
0.39635,13.166,7.7931
11.781,3.7924,-3.4669
0.069545,12.039,14.132
2.4889,3.4349,13.734
5.5022,19.027,-2.1563
5.6247,1.6242,3.9987
1.0901,7.1092,-4.8132
-5.5288,12.193,-8.8527
4.9773,9.9799,-2.8925
-5.5007,16.912,6.549
11.581,11.146,6.0034
-8.8793,4.7735,-4.3291
-2.7018,14.899,7.7317
6.1675,3.1213,2.5555
-7.5296,13.82,4.6851
5.5064,13.314,12.571
5.4127,4.8154,-2.3005
-8.8041,3.8268,2.4893
12.474,3.4934,2.8167
2.0365,3.1417,-4.699
2.6175,4.2577,-10.922
2.7427,20.054,13.667
3.3555,0.33408,6.5755
5.6886,20.108,-1.8219
1.9496,0.53954,-11
10.009,20.393,8.7334
-5.2555,6.2495,-9.0551
10.676,11.027,7.7538
6.3286,18.109,1.6313
8.7011,18.825,-8.0041
-0.96935,3.9692,7.9167
-6.234,13.875,6.008
6.1472,19.766,-0.63647
12.318,20.49,-1.6742
-4.0643,2.2666,-9.7922
7.318,3.7569,-9.0944
11.868,15.678,-3.2332
3.1649,1.0388,-4.3084
6.1167,1.497,12.229
-9.3995,10.272,0.21469
8.7604,17.848,-7.9493
7.6664,20.938,-8.8508
12.543,0.092245,-0.26055
6.159,11.395,-0.59185
-8.3019,18.088,3.5331
-4.6568,19.092,-9.4531
8.0518,17.752,10.833
12.581,18.456,0.20811
10.963,15.67,7.2643
-7.2694,2.4673,-7.1586
-7.2556,10.689,-7.1758
12.506,3.5455,2.5808
1.6268,17.453,-4.7713
11.515,19.488,6.1555
-5.5191,3.5592,6.5368
1.6996,18.558,-4.761
7.9978,8.1451,-8.6007
6.1332,8.034,-0.68714
5.9296,5.7005,-1.2917
-5.6437,18.226,-8.7633
4.8113,15.572,5.2359
0.67114,9.4053,7.7384
-5.111,14.902,6.7907
-5.4269,19.831,6.597
-3.9908,3.6565,7.337
-5.3412,5.1365,-8.9931
6.2853,13.46,0.013273
6.3533,16.981,1.3007
4.3614,17.921,-3.5193
0.74083,8.3605,7.7229
9.871,2.4254,-6.7633
5.5673,1.6859,4.1081
7.4826,7.5698,-8.9817
2.7429,17.407,-10.902
12.432,4.5068,-1.0871
12.5,16.612,-0.6315
2.7503,13.748,6.9531
1.7082,0.54908,7.4344
-9.4156,16.501,-2.0764
0.58842,19.374,7.756
12.551,10.339,-0.17636
12.059,17.514,-2.6604
-8.5588,2.7584,-5.0978
4.427,15.955,5.6664
1.4534,19.44,-11.031
5.5817,17.487,4.0811
-8.2646,5.4474,3.5987
-3.871,4.4735,7.3837
-9.1479,10.969,-3.4831
1.0982,8.3445,14.016
8.7665,10.061,-7.9437
2.5557,20.872,13.717
5.5465,12.694,4.1467
-9.3449,19.843,-2.5779
2.4219,10.299,-4.5983
8.901,9.1969,-7.8162
-5.9469,16.226,-8.5148
12.47,15.625,2.8493
1.5466,9.301,13.941
8.3091,1.113,10.605
-5.6393,1.8443,6.4558
0.015176,16.758,-4.7156
-9.0909,13.767,-3.6867
6.1769,0.67905,2.5175
5.9625,11.698,3.2257
0.55167,15.116,7.7635
4.4147,2.3186,-3.4724
8.1185,4.5496,-8.505
8.2027,17.031,-8.4366
-9.0254,2.9119,-3.9022
-0.35715,18.52,7.8911
12.556,19.395,-0.11831
-8.7272,0.26787,-4.7166
5.3513,7.9203,12.652
11.117,3.524,6.9816
-1.7488,11.345,7.8806
-8.934,2.1349,-4.1768
-1.0013,0.82462,7.9167
-4.2512,19.598,-9.6907
11.496,20.403,-4.1441
7.9739,7.5795,-8.6194
5.4581,13.528,-2.2286
12.397,1.4269,-1.2827
1.1622,4.3662,-4.811
-5.9642,0.83168,6.2212
6.6501,9.8565,-9.5115
10.657,3.152,-5.6804
-2.5712,20.817,7.759
